"Regiao";"cod_microregiao";"nome_microregiao";"cod_mesoregiao";"nome_mesoregiao";"media_gini";"PEA_18oumaisanos";"receitas_orc_realizadas";"media_renda_percapita"
"Norte";11006;"Cacoal";1102;"Leste Rondoniense";0,531111111111111;104405;269544351,17;503,454444444444
"Norte";11003;"Ariquemes";1102;"Leste Rondoniense";0,542857142857143;78834;222299949,16;478,324285714286
"Norte";11008;"Colorado do Oeste";1102;"Leste Rondoniense";0,494;23915;70421493,44;493,116
"Norte";11002;"Guajarﬂ-Mirim";1101;"Madeira-Guapor⁄";0,54;29030;71782702,77;447,786666666667
"Norte";11004;"Ji-Paranﬂ";1102;"Leste Rondoniense";0,522727272727273;137339;346226496,89;486,47
"Norte";11005;"Alvorada D'Oeste";1102;"Leste Rondoniense";0,585;30424;60713151,13;462,645
"Norte";11007;"Vilhena";1102;"Leste Rondoniense";0,503333333333333;65650;177689748,59;523,613333333333
"Norte";11001;"Porto Velho";1101;"Madeira-Guapor⁄";0,53;254243;590103240,82;520,367142857143
"Norte";12004;"Rio Branco";1202;"Vale do Acre";0,567142857142857;177375;461926260,52;403,068571428571
"Norte";12005;"Brasil⁄ia";1202;"Vale do Acre";0,5925;22201;59753592,68;379,3675
"Norte";12001;"Cruzeiro do Sul";1201;"Vale do Juruﬂ";0,616;44411;120136241,62;261,52
"Norte";12002;"Tarauacﬂ";1201;"Vale do Juruﬂ";0,68;21731;38367685,42;229,663333333333
"Norte";12003;"Sena Madureira";1202;"Vale do Acre";0,636666666666667;18251;55468208,41;276,693333333333
"Norte";13005;"Tef⁄";1303;"Centro Amazonense";0,603333333333333;28448;79792178,32;274,396666666667
"Norte";13003;"Alto Solimßes";1302;"Sudoeste Amazonense";0,628888888888889;70373;139314941,53;195,977777777778
"Norte";13006;"Coari";1303;"Centro Amazonense";0,61;51035;290070442,09;245,415
"Norte";13013;"Madeira";1304;"Sul Amazonense";0,606;58282;154297250,03;299,5
"Norte";13007;"Manaus";1303;"Centro Amazonense";0,588571428571429;892873;2128640239,41;338,414285714286
"Norte";13001;"Rio Negro";1301;"Norte Amazonense";0,7125;26492;64894390,21;245,07
"Norte";13010;"Parintins";1303;"Centro Amazonense";0,607142857142857;80982;166425230,34;226,585714285714
"Norte";13011;"Boca do Acre";1304;"Sul Amazonense";0,675;15608;47154636,56;253,315
"Norte";13012;"Purus";1304;"Sul Amazonense";0,6;25020;74403499,01;209,343333333333
"Norte";13004;"Juruﬂ";1302;"Sudoeste Amazonense";0,645714285714286;38416;106937213,36;208,154285714286
"Norte";13009;"Itacoatiara";1303;"Centro Amazonense";0,606;55307;188446032,59;278,76
"Norte";13002;"Japurﬂ";1301;"Norte Amazonense";0,64;6895;22865216,91;196,795
"Norte";13008;"Rio Preto da Eva";1303;"Centro Amazonense";0,535;22053;110449837,1;355,875
"Norte";14001;"Boa Vista";1401;"Norte de Roraima";0,7;140108;370245896,03;374,385
"Norte";14002;"Nordeste de Roraima";1401;"Norte de Roraima";0,715;12133;40711658,12;238,35
"Norte";14003;"Caracara›";1402;"Sul de Roraima";0,63;14490;15757617,85;361,63
"Norte";14004;"Sudeste de Roraima";1402;"Sul de Roraima";0,55;17313;29778618,01;332,3975
"Norte";15011;"Cametﬂ";1504;"Nordeste Paraense";0,555714285714286;160964;217667956,9;218,07
"Norte";15017;"Paragominas";1506;"Sudeste Paraense";0,57;113868;229558051,71;398,851428571429
"Norte";15012;"Tom⁄-A˛u";1504;"Nordeste Paraense";0,544;103713;140886755,41;275,744
"Norte";15005;"Furos de Breves";1502;"Marajæ";0,594;62087;35584872,14;190,346
"Norte";15019;"Parauapebas";1506;"Sudeste Paraense";0,536;105991;439608435,97;402,286
"Norte";15002;"Santar⁄m";1501;"Baixo Amazonas";0,6;181842;334954730,53;243,402857142857
"Norte";15003;"Almeirim";1501;"Baixo Amazonas";0,62;24224;0;338,84
"Norte";15015;"Altamira";1505;"Sudoeste Paraense";0,5975;106206;209275370,99;330,13125
"Norte";15007;"Bel⁄m";1503;"Metropolitana de Bel⁄m";0,516666666666667;980420;1826372911,5;485,185
"Norte";15010;"Bragantina";1504;"Nordeste Paraense";0,553846153846154;138618;228075043,02;259,063076923077
"Norte";15013;"Guamﬂ";1504;"Nordeste Paraense";0,584615384615385;141290;103110676,28;224,617692307692
"Norte";15014;"Itaituba";1505;"Sudoeste Paraense";0,586666666666667;80299;173546110,98;350,313333333333
"Norte";15004;"Portel";1502;"Marajæ";0,5575;38066;77313398,05;170,225
"Norte";15018;"S“o F⁄lix do Xingu";1506;"Sudeste Paraense";0,592;66260;134050616,05;448,32
"Norte";15020;"Marabﬂ";1506;"Sudeste Paraense";0,568;115388;336074663,7;348
"Norte";15016;"Tucuru›";1506;"Sudeste Paraense";0,581666666666667;120162;112481576,35;331,916666666667
"Norte";15008;"Castanhal";1503;"Metropolitana de Bel⁄m";0,522;118534;169581917,68;320,498
"Norte";15006;"Arari";1502;"Marajæ";0,574285714285714;51492;78728481,12;236,308571428571
"Norte";15009;"Salgado";1504;"Nordeste Paraense";0,538181818181818;88597;123667707,1;256,090909090909
"Norte";15022;"Concei˛“o do Araguaia";1506;"Sudeste Paraense";0,545;52866;103726707,75;314,805
"Norte";15001;"Àbidos";1501;"Baixo Amazonas";0,592;65018;237520503,84;269,524
"Norte";15021;"Reden˛“o";1506;"Sudeste Paraense";0,527142857142857;76089;188299500,75;400,501428571429
"Norte";16003;"Macapﬂ";1602;"Sul do Amapﬂ";0,59125;235530;447383543,2;417,97125
"Norte";16002;"Amapﬂ";1601;"Norte do Amapﬂ";0,653333333333333;8171;11861318,58;295,303333333333
"Norte";16001;"Oiapoque";1601;"Norte do Amapﬂ";0,68;11832;8174778,12;508,045
"Norte";16004;"Mazag“o";1602;"Sul do Amapﬂ";0,593333333333333;25084;53290130,3;365,306666666667
"Norte";17003;"Miracema do Tocantins";1701;"Ocidental do Tocantins";0,52625;59335;203284870,46;392,2225
"Norte";17001;"Bico do Papagaio";1701;"Ocidental do Tocantins";0,5252;68134;208760706,59;287,9288
"Norte";17005;"Gurupi";1701;"Ocidental do Tocantins";0,527857142857143;64474;166365832,53;461,823571428571
"Norte";17008;"Dianæpolis";1702;"Oriental do Tocantins";0,569;44458;149713432,43;360,3035
"Norte";17006;"Porto Nacional";1702;"Oriental do Tocantins";0,54;162243;499264548,45;475,588181818182
"Norte";17002;"Aragua›na";1701;"Ocidental do Tocantins";0,533529411764706;120467;254741717,12;382,312352941176
"Norte";17004;"Rio Formoso";1701;"Ocidental do Tocantins";0,526153846153846;52257;141666980,51;450,427692307692
"Norte";17007;"Jalap“o";1702;"Oriental do Tocantins";0,590666666666667;22980;76693989,33;288,313333333333
"Nordeste";21009;"Imperatriz";2102;"Oeste Maranhense";0,51875;232558;503847353,04;304,4025
"Nordeste";21016;"Coelho Neto";2104;"Leste Maranhense";0,58;26326;92449838,32;182,51
"Nordeste";21013;"Baixo Parna›ba Maranhense";2104;"Leste Maranhense";0,573333333333333;39573;49498415,38;170,533333333333
"Nordeste";21001;"Litoral Ocidental Maranhense";2101;"Norte Maranhense";0,555384615384615;64468;133324057,7;201,276153846154
"Nordeste";21008;"Pindar⁄";2102;"Oeste Maranhense";0,542272727272727;203092;388634317,55;215,938636363636
"Nordeste";21015;"Codæ";2104;"Leste Maranhense";0,575;84123;210435363,66;210,883333333333
"Nordeste";21020;"Gerais de Balsas";2105;"Sul Maranhense";0,632;48883;137437643,2;365,978
"Nordeste";21007;"Gurupi";2102;"Oeste Maranhense";0,542857142857143;74428;145114725,79;205,575714285714
"Nordeste";21005;"Baixada Maranhense";2101;"Norte Maranhense";0,557619047619048;197814;356925063,94;206,618095238095
"Nordeste";21014;"Chapadinha";2104;"Leste Maranhense";0,595555555555556;61283;114962286,49;172,052222222222
"Nordeste";21011;"Alto Mearim e Graja∑";2103;"Centro Maranhense";0,605454545454545;99361;244621019,75;196,660909090909
"Nordeste";21003;"Rosﬂrio";2101;"Norte Maranhense";0,55875;53132;101116471,25;195,4575
"Nordeste";21010;"M⁄dio Mearim";2103;"Centro Maranhense";0,5435;149965;323602427,99;248,4365
"Nordeste";21018;"Chapadas do Alto Itapecuru";2104;"Leste Maranhense";0,56;71261;194886031,13;239,716923076923
"Nordeste";21004;"Len˛ois Maranhenses";2101;"Norte Maranhense";0,608333333333333;54735;60785257,1;163,781666666667
"Nordeste";21021;"Chapadas das Mangabeiras";2105;"Sul Maranhense";0,56875;21759;84095859,75;236,61125
"Nordeste";21017;"Caxias";2104;"Leste Maranhense";0,538333333333333;154507;459131355,1;245,155
"Nordeste";21019;"Porto Franco";2105;"Sul Maranhense";0,533333333333333;42481;94066322,14;367,026666666667
"Nordeste";21006;"Itapecuru Mirim";2101;"Norte Maranhense";0,5775;61131;85723873,75;178,1775
"Nordeste";21012;"Presidente Dutra";2103;"Centro Maranhense";0,550909090909091;66498;116279815,05;246,746363636364
"Nordeste";21002;"Aglomera˛“o Urbana de S“o Lu›s";2101;"Norte Maranhense";0,5225;617150;1446934928,63;489,815
"Nordeste";22015;"Alto M⁄dio Canind⁄";2204;"Sudeste Piauiense";0,55025641025641;97570;246839197,94;231,483333333333
"Nordeste";22005;"M⁄dio Parna›ba Piauiense";2202;"Centro-Norte Piauiense";0,535882352941176;43800;129495001,04;263,017058823529
"Nordeste";22014;"Pio IX";2204;"Sudeste Piauiense";0,512857142857143;21411;33948030,94;287,93
"Nordeste";22004;"Campo Maior";2202;"Centro-Norte Piauiense";0,534210526315789;73216;161360203,77;232,3
"Nordeste";22003;"Teresina";2202;"Centro-Norte Piauiense";0,531538461538462;463695;1037104735,09;294,603076923077
"Nordeste";22010;"Alto M⁄dio Gurgu⁄ia";2203;"Sudoeste Piauiense";0,586363636363636;32276;62982515,72;271,676363636364
"Nordeste";22011;"S“o Raimundo Nonato";2203;"Sudoeste Piauiense";0,538235294117647;53593;111344004,28;229,331176470588
"Nordeste";22008;"Bertol›nia";2203;"Sudoeste Piauiense";0,526666666666667;13682;36878712,45;276,943333333333
"Nordeste";22006;"Valen˛a do Piau›";2202;"Centro-Norte Piauiense";0,521428571428571;37535;87722065,21;251,652857142857
"Nordeste";22013;"Picos";2204;"Sudeste Piauiense";0,5055;85521;185546163,29;266,484
"Nordeste";22012;"Chapadas do Extremo Sul Piauiense";2203;"Sudoeste Piauiense";0,575555555555556;27966;21886956,71;220,02
"Nordeste";22007;"Alto Parna›ba Piauiense";2203;"Sudoeste Piauiense";0,5625;14238;21730563,79;270,4325
"Nordeste";22001;"Baixo Parna›ba Piauiense";2201;"Norte Piauiense";0,535;119508;191014996,47;223,801111111111
"Nordeste";22002;"Litoral Piauiense";2201;"Norte Piauiense";0,559285714285714;114487;167778463,4;229,821428571429
"Nordeste";22009;"Floriano";2203;"Sudoeste Piauiense";0,538333333333333;49073;71950903,2;277,11
"Nordeste";23033;"Brejo Santo";2307;"Sul Cearense";0,484;37384;90721185,94;270,614
"Nordeste";23013;"Baturit⁄";2302;"Norte Cearense";0,511818181818182;65810;196131056,36;257,097272727273
"Nordeste";23001;"Litoral de Camocim e Acara∑";2301;"Noroeste Cearense";0,5625;130157;348916647,85;240,609166666667
"Nordeste";23021;"Sert“o de Senador Pompeu";2304;"Sertßes Cearenses";0,52375;76217;210565896,66;250,77875
"Nordeste";23020;"Sert“o de Inhamuns";2304;"Sertßes Cearenses";0,535;53509;166208351,63;242,36
"Nordeste";23004;"Meruoca";2301;"Noroeste Cearense";0,465;8998;30660318,95;251,255
"Nordeste";23030;"Cariria˛u";2307;"Sul Cearense";0,5275;20678;73504947,49;234,2725
"Nordeste";23023;"Baixo Jaguaribe";2305;"Jaguaribe";0,488;126220;316861259,96;309,632
"Nordeste";23008;"Itapipoca";2302;"Norte Cearense";0,556666666666667;76621;195726918,09;217,48
"Nordeste";23027;"Vﬂrzea Alegre";2306;"Centro-Sul Cearense";0,52;31646;95826085,36;241,466
"Nordeste";23011;"M⁄dio Curu";2302;"Norte Cearense";0,528;29073;85720042,11;237,878
"Nordeste";23016;"Fortaleza";2303;"Metropolitana de Fortaleza";0,494444444444444;1563159;3833543609,86;418,532222222222
"Nordeste";23022;"Litoral de Aracati";2305;"Jaguaribe";0,4875;45310;135260066,13;297,75
"Nordeste";23018;"Sert“o de Crat⁄us";2304;"Sertßes Cearenses";0,55;82937;252163727,26;248,085555555556
"Nordeste";23029;"Chapada do Araripe";2307;"Sul Cearense";0,56;33753;100092173,02;235,058
"Nordeste";23031;"Barro";2307;"Sul Cearense";0,53;30535;85888346,71;248,776666666667
"Nordeste";23028;"Lavras da Mangabeira";2306;"Centro-Sul Cearense";0,56;17726;59225141,04;289,58
"Nordeste";23019;"Sert“o de Quixeramobim";2304;"Sertßes Cearenses";0,562857142857143;93782;275857044,41;244,577142857143
"Nordeste";23032;"Cariri";2307;"Sul Cearense";0,5425;223054;497253781,52;313,7975
"Nordeste";23014;"Chorozinho";2302;"Norte Cearense";0,51;20603;68633935,62;244,286666666667
"Nordeste";23015;"Cascavel";2302;"Norte Cearense";0,493333333333333;54076;111517425,42;303,58
"Nordeste";23012;"Canind⁄";2302;"Norte Cearense";0,535;37535;134439199,84;221,1825
"Nordeste";23005;"Sobral";2301;"Noroeste Cearense";0,545;145089;463366852,72;256,9475
"Nordeste";23002;"Ibiapaba";2301;"Noroeste Cearense";0,5425;114095;233985242,5;262,275
"Nordeste";23007;"Santa Quit⁄ria";2301;"Noroeste Cearense";0,533333333333333;23813;74756570,91;235,893333333333
"Nordeste";23026;"Iguatu";2306;"Centro-Sul Cearense";0,53;86367;208079646,83;313,496
"Nordeste";23003;"Corea∑";2301;"Noroeste Cearense";0,52;19257;63698267,05;203,52
"Nordeste";23025;"Serra do Pereiro";2305;"Jaguaribe";0,51;16073;52099756,51;255,115
"Nordeste";23017;"Pacajus";2303;"Metropolitana de Fortaleza";0,445;51431;133050481,68;338,78
"Nordeste";23006;"Ipu";2301;"Noroeste Cearense";0,548333333333333;45304;136418982,7;245,82
"Nordeste";23010;"Uruburetama";2302;"Norte Cearense";0,5375;36716;76472458,93;228,7275
"Nordeste";23024;"M⁄dio Jaguaribe";2305;"Jaguaribe";0,51;23349;75708305;276,633333333333
"Nordeste";23009;"Baixo Curu";2302;"Norte Cearense";0,52;42287;133062799,1;307,043333333333
"Nordeste";24012;"Seridæ Oriental";2402;"Central Potiguar";0,462;50130;120628215,11;389,046
"Nordeste";24004;"Vale do A˛u";2401;"Oeste Potiguar";0,5;55548;170090953,28;337,925555555556
"Nordeste";24009;"Angicos";2402;"Central Potiguar";0,5225;17088;62306372,53;272,81375
"Nordeste";24005;"Serra de S“o Miguel";2401;"Oeste Potiguar";0,498888888888889;21984;88477214,98;251,492222222222
"Nordeste";24006;"Pau dos Ferros";2401;"Oeste Potiguar";0,484705882352941;42395;154140591,62;293,161764705882
"Nordeste";24007;"Umarizal";2401;"Oeste Potiguar";0,511818181818182;22006;80195384,39;287,178181818182
"Nordeste";24002;"Chapada do Apodi";2401;"Oeste Potiguar";0,515;28180;72348689,2;311,5925
"Nordeste";24001;"Mossoræ";2401;"Oeste Potiguar";0,493333333333333;147583;425675714,86;400,801666666667
"Nordeste";24019;"Litoral Sul";2404;"Leste Potiguar";0,511;44919;158568055,05;303,644
"Nordeste";24003;"M⁄dio Oeste";2401;"Oeste Potiguar";0,511666666666667;13270;50300524,12;306,398333333333
"Nordeste";24014;"Borborema Potiguar";2403;"Agreste Potiguar";0,498125;46774;131006301,07;254,364375
"Nordeste";24013;"Baixa Verde";2403;"Agreste Potiguar";0,528;21852;17613512,94;265,924
"Nordeste";24010;"Serra de Santana";2402;"Central Potiguar";0,512857142857143;23916;72168744,29;288,288571428571
"Nordeste";24015;"Agreste Potiguar";2403;"Agreste Potiguar";0,505;80561;232840616,17;263,377727272727
"Nordeste";24008;"Macau";2402;"Central Potiguar";0,53;20639;0;333,638
"Nordeste";24011;"Seridæ Ocidental";2402;"Central Potiguar";0,438571428571429;43917;102119833,07;385,687142857143
"Nordeste";24017;"Maca›ba";2404;"Leste Potiguar";0,506;111870;279491286,8;348,724
"Nordeste";24018;"Natal";2404;"Leste Potiguar";0,566666666666667;500752;1302180481,76;743,143333333333
"Nordeste";24016;"Litoral Nordeste";2404;"Leste Potiguar";0,504285714285714;29867;74183055,64;243,528571428571
"Nordeste";25007;"Serra do Teixeira";2501;"Sert“o Paraibano";0,515454545454545;41066;122458636,72;242,112727272727
"Nordeste";25005;"Piancæ";2501;"Sert“o Paraibano";0,526666666666667;25739;74357361,72;284,221111111111
"Nordeste";25015;"Brejo Paraibano";2503;"Agreste Paraibano";0,53;42674;113064474,17;258,8475
"Nordeste";25016;"Guarabira";2503;"Agreste Paraibano";0,494285714285714;61873;155236340,25;268,63
"Nordeste";25011;"Cariri Oriental";2502;"Borborema";0,475833333333333;26574;90023548,03;298,5075
"Nordeste";25012;"Curimata∑ Ocidental";2503;"Agreste Paraibano";0,504545454545455;46436;103331740,62;256,568181818182
"Nordeste";25023;"Litoral Sul";2504;"Mata Paraibana";0,49;30516;106861261,78;251,4375
"Nordeste";25002;"Cajazeiras";2501;"Sert“o Paraibano";0,505333333333333;65745;172216212,83;292,63
"Nordeste";25010;"Cariri Ocidental";2502;"Borborema";0,487647058823529;51342;145001493,09;280,385294117647
"Nordeste";25003;"Sousa";2501;"Sert“o Paraibano";0,491176470588235;68258;134241810,44;283,024705882353
"Nordeste";25013;"Curimata∑ Oriental";2503;"Agreste Paraibano";0,528571428571429;32007;88490344,91;225,744285714286
"Nordeste";25004;"Patos";2501;"Sert“o Paraibano";0,5;52717;131406112,37;283,842222222222
"Nordeste";25014;"Esperan˛a";2503;"Agreste Paraibano";0,495;22873;54199927,69;278,47
"Nordeste";25019;"Umbuzeiro";2503;"Agreste Paraibano";0,54;19267;50962748,94;205,952
"Nordeste";25020;"Litoral Norte";2504;"Mata Paraibana";0,509090909090909;50596;147997781,69;233,248181818182
"Nordeste";25009;"Seridæ Oriental Paraibano";2502;"Borborema";0,493333333333333;29564;88573699,58;273,416666666667
"Nordeste";25022;"Jo“o Pessoa";2504;"Mata Paraibana";0,551666666666667;473281;1364306486,36;552,005
"Nordeste";25001;"Catol⁄ do Rocha";2501;"Sert“o Paraibano";0,465454545454545;45272;117016734,67;273,020909090909
"Nordeste";25006;"Itaporanga";2501;"Sert“o Paraibano";0,517272727272727;30545;92413929,66;261,524545454545
"Nordeste";25017;"Campina Grande";2503;"Agreste Paraibano";0,48875;222679;449820391,15;331,60375
"Nordeste";25018;"Itabaiana";2503;"Agreste Paraibano";0,485555555555556;39978;104566969,19;254,406666666667
"Nordeste";25021;"Sap⁄";2504;"Mata Paraibana";0,487777777777778;45488;112526897,04;227,992222222222
"Nordeste";25008;"Seridæ Ocidental Paraibano";2502;"Borborema";0,465;15329;49192071,01;321,268333333333
"Nordeste";26017;"Recife";2605;"Metropolitana de Recife";0,53625;1506489;3215224146,33;561,455
"Nordeste";26003;"Paje∑";2601;"Sert“o Pernambucano";0,525882352941176;126322;280621276,36;295,455882352941
"Nordeste";26005;"Petrolina";2602;"S“o Francisco Pernambucano";0,53375;193062;369654795,13;302,7075
"Nordeste";26012;"Brejo Pernambucano";2603;"Agreste Pernambucano";0,507272727272727;76934;184538436,47;271,532727272727
"Nordeste";26015;"Mata Meridional Pernambucana";2604;"Mata Pernambucana";0,498571428571429;177966;466263628,39;261,954761904762
"Nordeste";26007;"Vale do Ipanema";2603;"Agreste Pernambucano";0,553333333333333;61381;157661349,96;221,386666666667
"Nordeste";26008;"Vale do Ipojuca";2603;"Agreste Pernambucano";0,515;365839;672540563,01;312,755
"Nordeste";26013;"Mata Setentrional Pernambucana";2604;"Mata Pernambucana";0,490588235294118;194065;426558494,75;297,336470588235
"Nordeste";26011;"Garanhuns";2603;"Agreste Pernambucano";0,537894736842105;172115;391043722,27;254,348947368421
"Nordeste";26016;"Itamaracﬂ";2605;"Metropolitana de Recife";0,5175;65352;96961904,08;331,88
"Nordeste";26001;"Araripina";2601;"Sert“o Pernambucano";0,558;109603;262554671,99;247,737
"Nordeste";26004;"Sert“o do Moxotæ";2601;"Sert“o Pernambucano";0,558571428571429;77872;182533045,2;276,635714285714
"Nordeste";26006;"Itaparica";2602;"S“o Francisco Pernambucano";0,54;53280;119807605,9;285,902857142857
"Nordeste";26010;"M⁄dio Capibaribe";2603;"Agreste Pernambucano";0,504;91544;198320484,63;265,413
"Nordeste";26018;"Suape";2605;"Metropolitana de Recife";0,515;110855;522551248,1;414,875
"Nordeste";26009;"Alto Capibaribe";2603;"Agreste Pernambucano";0,455555555555556;126143;183796724,67;343,683333333333
"Nordeste";26002;"Salgueiro";2601;"Sert“o Pernambucano";0,565714285714286;58485;128489945,44;275,702857142857
"Nordeste";26014;"Vitæria de Santo Ant“o";2604;"Mata Pernambucana";0,506;86543;179308301,46;312,568
"Nordeste";26019;"Fernando de Noronha";2605;"Metropolitana de Recife";0,46;1662;0;1034,14
"Nordeste";27001;"Serrana do Sert“o Alagoano";2701;"Sert“o Alagoano";0,58;30192;75471257,69;195,094
"Nordeste";27012;"S“o Miguel dos Campos";2703;"Leste Alagoano";0,506666666666667;92760;327960699,85;261,522222222222
"Nordeste";27006;"Arapiraca";2702;"Agreste Alagoano";0,549;160291;426521388,63;233,667
"Nordeste";27009;"Mata Alagoana";2703;"Leste Alagoano";0,48875;89855;295478598,01;237,556875
"Nordeste";27011;"Maceiæ";2703;"Leste Alagoano";0,531;504452;1265141926,38;385,35
"Nordeste";27004;"Batalha";2701;"Sert“o Alagoano";0,53125;32962;95272493,17;227,98875
"Nordeste";27005;"Palmeira dos -ndios";2702;"Agreste Alagoano";0,531818181818182;64276;162800403,48;258,794545454545
"Nordeste";27003;"Santana do Ipanema";2701;"Sert“o Alagoano";0,576;58784;166051984,3;206,557
"Nordeste";27008;"Serrana dos Quilombos";2703;"Leste Alagoano";0,528571428571429;44545;148777699,63;251,888571428571
"Nordeste";27002;"Alagoana do Sert“o do S“o Francisc";2701;"Sert“o Alagoano";0,553333333333333;28772;102139588,34;270,02
"Nordeste";27013;"Penedo";2703;"Leste Alagoano";0,564;42476;122656479,47;252,378
"Nordeste";27010;"Litoral Norte Alagoano";2703;"Leste Alagoano";0,51;22135;86908169,85;236,202
"Nordeste";27007;"Traipu";2702;"Agreste Alagoano";0,613333333333333;11369;42335313,37;183,776666666667
"Nordeste";28007;"Propriﬂ";2803;"Leste Sergipano";0,517;33615;114493544,7;272,323
"Nordeste";28003;"Nossa Senhora das Dores";2802;"Agreste Sergipano";0,496666666666667;23928;76545682,81;282,081666666667
"Nordeste";28011;"Aracaju";2803;"Leste Sergipano";0,525;391928;937747400,03;567,295
"Nordeste";28012;"Boquim";2803;"Leste Sergipano";0,49625;62348;176660267,9;260,78875
"Nordeste";28004;"Agreste de Itabaiana";2802;"Agreste Sergipano";0,467142857142857;72416;149850303,16;332,631428571429
"Nordeste";28001;"Sergipana do Sert“o do S“o Francis";2801;"Sert“o Sergipano";0,543333333333333;57229;184867790,22;251,257777777778
"Nordeste";28008;"Cotinguiba";2803;"Leste Sergipano";0,4625;16291;70365520,48;271,6875
"Nordeste";28002;"Carira";2801;"Sert“o Sergipano";0,49;29745;83012837,28;326,451666666667
"Nordeste";28010;"Baixo Cotinguiba";2803;"Leste Sergipano";0,518571428571429;33570;204694927,87;341,197142857143
"Nordeste";28013;"Est‘ncia";2803;"Leste Sergipano";0,5175;48498;185941805,18;263,29
"Nordeste";28009;"Japaratuba";2803;"Leste Sergipano";0,516;20908;89216749,3;252,806
"Nordeste";28006;"Agreste de Lagarto";2802;"Agreste Sergipano";0,49;48724;101978003,26;287,585
"Nordeste";28005;"Tobias Barreto";2802;"Agreste Sergipano";0,516666666666667;45705;91536025,32;304,806666666667
"Nordeste";29023;"Seabra";2906;"Centro Sul Baiano";0,530555555555556;104558;191481950,47;286,713888888889
"Nordeste";29005;"Paulo Afonso";2902;"Vale S“o-Franciscano da Bahia";0,55;66066;191193569,46;298,573333333333
"Nordeste";29017;"Alagoinhas";2904;"Nordeste Baiano";0,543333333333333;131818;214498496,59;276,52
"Nordeste";29015;"Ribeira do Pombal";2904;"Nordeste Baiano";0,535;118773;252448581,78;248,32
"Nordeste";29012;"Feira de Santana";2903;"Centro Norte Baiano";0,508333333333333;465592;722490945,09;293,665416666667
"Nordeste";29025;"Livramento do Brumado";2906;"Centro Sul Baiano";0,492;39947;91551887,01;285,326
"Nordeste";29024;"Jequi⁄";2906;"Centro Sul Baiano";0,515;216518;483257309,16;278,693076923077
"Nordeste";29032;"Porto Seguro";2907;"Sul Baiano";0,546315789473684;321823;530041496,73;407,007368421053
"Nordeste";29031;"Ilh⁄us-Itabuna";2907;"Sul Baiano";0,510731707317073;421115;410906622,61;319,800731707317
"Nordeste";29019;"Catu";2905;"Metropolitana de Salvador";0,53;89704;293034318,51;390,56
"Nordeste";29009;"Irec€";2903;"Centro Norte Baiano";0,531052631578947;148077;372615634,08;259,856842105263
"Nordeste";29028;"Vitæria da Conquista";2906;"Centro Sul Baiano";0,497058823529412;268417;493835725,51;269,335882352941
"Nordeste";29008;"Senhor do Bonfim";2903;"Centro Norte Baiano";0,554444444444444;113317;215926276,59;283,29
"Nordeste";29002;"Cotegipe";2901;"Extremo Oeste Baiano";0,56;40531;111441502,2;238,38375
"Nordeste";29027;"Brumado";2906;"Centro Sul Baiano";0,486428571428571;96480;210161400,08;268,905714285714
"Nordeste";29016;"Serrinha";2904;"Nordeste Baiano";0,485;182074;297887115,21;283,417777777778
"Nordeste";29020;"Santo Ant∂nio de Jesus";2905;"Metropolitana de Salvador";0,540952380952381;241927;411041292,35;331,165238095238
"Nordeste";29001;"Barreiras";2901;"Extremo Oeste Baiano";0,565714285714286;125925;337954719,49;394,632857142857
"Nordeste";29011;"Itaberaba";2903;"Centro Norte Baiano";0,564166666666667;98743;143797058,5;271,0025
"Nordeste";29006;"Barra";2902;"Vale S“o-Franciscano da Bahia";0,558571428571429;63091;175858034,05;229,544285714286
"Nordeste";29007;"Bom Jesus da Lapa";2902;"Vale S“o-Franciscano da Bahia";0,553333333333333;60977;187910910,02;223,87
"Nordeste";29022;"Boquira";2906;"Centro Sul Baiano";0,544545454545455;68265;169520443,18;251,920909090909
"Nordeste";29026;"Guanambi";2906;"Centro Sul Baiano";0,487777777777778;163654;332720171,46;304,383888888889
"Nordeste";29010;"Jacobina";2903;"Centro Norte Baiano";0,516875;138504;300002358,47;263,8875
"Nordeste";29030;"Valen˛a";2907;"Sul Baiano";0,546;114015;221028703,24;301,719
"Nordeste";29021;"Salvador";2905;"Metropolitana de Salvador";0,551;1780284;3505181102,08;574,97
"Nordeste";29004;"Juazeiro";2902;"Vale S“o-Franciscano da Bahia";0,5475;179997;411324271,9;280,0475
"Nordeste";29003;"Santa Maria da Vitæria";2901;"Extremo Oeste Baiano";0,546666666666667;66908;234231997,57;274,154444444444
"Nordeste";29014;"Euclides da Cunha";2904;"Nordeste Baiano";0,56;116353;244287784,07;241,514444444444
"Nordeste";29018;"Entre Rios";2904;"Nordeste Baiano";0,572;41330;83021853,87;259,49
"Nordeste";29013;"Jeremoabo";2904;"Nordeste Baiano";0,524;39995;46214122,88;227,396
"Nordeste";29029;"Itapetinga";2906;"Centro Sul Baiano";0,464444444444444;85160;183065664,03;330,434444444444
"Sudeste";31019;"Patroc›nio";3105;"Tri‘ngulo Mineiro/Alto Parana›ba";0,493636363636364;100048;244734829,82;666,470909090909
"Sudeste";31024;"Tr€s Marias";3106;"Central Mineira";0,47;46405;156839975,72;587,82
"Sudeste";31061;"Manhua˛u";3112;"Zona da Mata";0,497;127265;194378382,52;422,8945
"Sudeste";31060;"Ponte Nova";3112;"Zona da Mata";0,454444444444444;84426;246849188,08;411,497222222222
"Sudeste";31039;"Ipatinga";3108;"Vale do Rio Doce";0,453846153846154;243536;765766031,81;495,886923076923
"Sudeste";31036;"Pe˛anha";3108;"Vale do Rio Doce";0,497777777777778;32720;90195463,93;323,425555555556
"Sudeste";31022;"Uberaba";3105;"Tri‘ngulo Mineiro/Alto Parana›ba";0,467142857142857;181872;520093943,12;712,375714285714
"Sudeste";31045;"Campo Belo";3109;"Oeste de Minas";0,478571428571429;55027;111417497,6;595,557142857143
"Sudeste";31016;"Nanuque";3104;"Vale do Mucuri";0,512;49560;135245772,22;353,149
"Sudeste";31005;"Salinas";3102;"Norte de Minas";0,496470588235294;90172;226753094,97;301,540588235294
"Sudeste";31041;"Aimor⁄s";3108;"Vale do Rio Doce";0,488461538461538;62503;167120180,05;425,64
"Sudeste";31055;"Andrel‘ndia";3110;"Sul/Sudoeste de Minas";0,485384615384615;34059;97906237,48;488,747692307692
"Sudeste";31054;"S“o Louren˛o";3110;"Sul/Sudoeste de Minas";0,494375;100485;257089740,59;597,87125
"Sudeste";31051;"Po˛os de Caldas";3110;"Sul/Sudoeste de Minas";0,440769230769231;185699;649451371,56;655,677692307692
"Sudeste";31066;"Cataguases";3112;"Zona da Mata";0,466428571428571;98480;164152605,44;559,175
"Sudeste";31049;"Alfenas";3110;"Sul/Sudoeste de Minas";0,453333333333333;112879;276170278,96;603,253333333333
"Sudeste";31059;"Barbacena";3111;"Campo das Vertentes";0,455;100574;283508364,05;433,948333333333
"Sudeste";31014;"Almenara";3103;"Jequitinhonha";0,4975;74882;112979334,99;307,63125
"Sudeste";31037;"Governador Valadares";3108;"Vale do Rio Doce";0,4952;181617;534361169,02;391,6268
"Sudeste";31047;"Passos";3110;"Sul/Sudoeste de Minas";0,454285714285714;108027;281600714,75;663,665
"Sudeste";31062;"Vi˛osa";3112;"Zona da Mata";0,4775;99910;213593496,02;398,9695
"Sudeste";31031;"Itabira";3107;"Metropolitana de Belo Horizonte";0,460555555555556;177230;712067222,23;501,317222222222
"Sudeste";31028;"Concei˛“o do Mato Dentro";3107;"Metropolitana de Belo Horizonte";0,510769230769231;32898;113913215,76;343,532307692308
"Sudeste";31013;"Pedra Azul";3103;"Jequitinhonha";0,524;31722;79064227,49;323,11
"Sudeste";31011;"Capelinha";3103;"Jequitinhonha";0,472142857142857;86675;194196093,55;333,186428571429
"Sudeste";31063;"Muria⁄";3112;"Zona da Mata";0,482;127988;327673520,54;472,77
"Sudeste";31027;"Sete Lagoas";3107;"Metropolitana de Belo Horizonte";0,4655;198208;492621966,19;526,6215
"Sudeste";31065;"Juiz de Fora";3112;"Zona da Mata";0,46030303030303;356105;973129724,7;519,486363636364
"Sudeste";31012;"Ara˛ua›";3103;"Jequitinhonha";0,5225;59919;138249756,11;287,23375
"Sudeste";31018;"Uberl‘ndia";3105;"Tri‘ngulo Mineiro/Alto Parana›ba";0,463;432781;1172392651,87;685,175
"Sudeste";31020;"Patos de Minas";3105;"Tri‘ngulo Mineiro/Alto Parana›ba";0,499;128531;306638757,49;704,341
"Sudeste";31026;"Bom Despacho";3106;"Central Mineira";0,434166666666667;83548;196381517,42;623,844166666667
"Sudeste";31023;"Araxﬂ";3105;"Tri‘ngulo Mineiro/Alto Parana›ba";0,492;105353;331366556,46;762,125
"Sudeste";31048;"S“o Sebasti“o do Para›so";3110;"Sul/Sudoeste de Minas";0,45;135060;273411449,62;643,890714285714
"Sudeste";31044;"Formiga";3109;"Oeste de Minas";0,43125;74888;179230987,79;602,35875
"Sudeste";31001;"Una›";3101;"Noroeste de Minas";0,496666666666667;70701;217673760,15;447,673333333333
"Sudeste";31064;"Ubﬂ";3112;"Zona da Mata";0,442352941176471;126746;254487087,59;532,738235294118
"Sudeste";31015;"Teæfilo Otoni";3104;"Vale do Mucuri";0,518461538461539;109611;271754778,11;309,178461538462
"Sudeste";31025;"Curvelo";3106;"Central Mineira";0,477272727272727;68091;163193108,63;428,637272727273
"Sudeste";31042;"Piu›";3109;"Oeste de Minas";0,443333333333333;41834;102732751,34;612,867777777778
"Sudeste";31030;"Belo Horizonte";3107;"Metropolitana de Belo Horizonte";0,478333333333333;2484316;7969641696,63;707,432916666667
"Sudeste";31032;"Itaguara";3107;"Metropolitana de Belo Horizonte";0,447777777777778;27892;71688420,15;495,825555555556
"Sudeste";31050;"Varginha";3110;"Sul/Sudoeste de Minas";0,450625;220760;502453155,73;573,88
"Sudeste";31009;"Bocai∑va";3102;"Norte de Minas";0,45;31799;81839101,99;353,3
"Sudeste";31040;"Caratinga";3108;"Vale do Rio Doce";0,458;103709;254515012,53;385,2405
"Sudeste";31052;"Pouso Alegre";3110;"Sul/Sudoeste de Minas";0,438;169536;402790721,44;563,583
"Sudeste";31046;"Oliveira";3109;"Oeste de Minas";0,441111111111111;60055;148912411,07;512,664444444444
"Sudeste";31003;"Januﬂria";3102;"Norte de Minas";0,53125;102790;226728325,18;276,998125
"Sudeste";31008;"Gr“o Mogol";3102;"Norte de Minas";0,473333333333333;17032;61227923,42;253,556666666667
"Sudeste";31002;"Paracatu";3101;"Noroeste de Minas";0,472;102742;287850515,58;566,991
"Sudeste";31007;"Montes Claros";3102;"Norte de Minas";0,490909090909091;279531;662672297,78;302,584545454545
"Sudeste";31035;"Guanh“es";3108;"Vale do Rio Doce";0,498;55302;160864106,81;359,640666666667
"Sudeste";31056;"Itajubﬂ";3110;"Sul/Sudoeste de Minas";0,457692307692308;89292;197014375,01;501,064615384615
"Sudeste";31006;"Pirapora";3102;"Norte de Minas";0,48;73712;191408121,23;356,209
"Sudeste";31053;"Santa Rita do Sapuca›";3110;"Sul/Sudoeste de Minas";0,454;68295;163752736,84;555,656666666667
"Sudeste";31017;"Ituiutaba";3105;"Tri‘ngulo Mineiro/Alto Parana›ba";0,47;72153;200552436,91;683,698333333333
"Sudeste";31021;"Frutal";3105;"Tri‘ngulo Mineiro/Alto Parana›ba";0,475833333333333;88396;305647828,26;695,19
"Sudeste";31043;"Divinæpolis";3109;"Oeste de Minas";0,413636363636364;260591;525135680,56;663,161818181818
"Sudeste";31057;"Lavras";3111;"Campo das Vertentes";0,478888888888889;72512;199928330,98;589,442222222222
"Sudeste";31034;"Conselheiro Lafaiete";3107;"Metropolitana de Belo Horizonte";0,453333333333333;116540;387234601,28;513,858333333333
"Sudeste";31058;"S“o Jo“o Del Rei";3111;"Campo das Vertentes";0,480666666666667;83867;208230546,92;534,228666666667
"Sudeste";31004;"Jana∑ba";3102;"Norte de Minas";0,477692307692308;109198;225565227,04;313,388461538462
"Sudeste";31038;"Mantena";3108;"Vale do Rio Doce";0,491428571428571;25222;82066602,83;389,497142857143
"Sudeste";31010;"Diamantina";3103;"Jequitinhonha";0,45875;36675;94989078,09;347,23
"Sudeste";31033;"Ouro Preto";3107;"Metropolitana de Belo Horizonte";0,495;84113;430014179,66;607,105
"Sudeste";31029;"Parﬂ de Minas";3107;"Metropolitana de Belo Horizonte";0,458;63256;132008089,25;619,776
"Sudeste";32007;"Afonso Clﬂudio";3203;"Central Esp›rito-santense";0,491428571428571;71172;214687451,66;551,705714285714
"Sudeste";32002;"Nova Ven⁄cia";3201;"Noroeste Esp›rito-santense";0,508333333333333;64670;173944065,18;558,615
"Sudeste";32001;"Barra de S“o Francisco";3201;"Noroeste Esp›rito-santense";0,5;39316;73902975,23;432,3875
"Sudeste";32011;"Alegre";3204;"Sul Esp›rito-santense";0,497777777777778;76160;247543915,93;473,204444444444
"Sudeste";32010;"Guarapari";3203;"Central Esp›rito-santense";0,49;91599;330768068,02;659,803333333333
"Sudeste";32003;"Colatina";3201;"Noroeste Esp›rito-santense";0,477142857142857;100720;291222511,64;534,717142857143
"Sudeste";32012;"Cachoeiro de Itapemirim";3204;"Sul Esp›rito-santense";0,493;161703;464862799,91;557,363
"Sudeste";32006;"Linhares";3202;"Litoral Norte Esp›rito-santense";0,514285714285714;153972;703313687,32;670,741428571429
"Sudeste";32009;"Vitæria";3203;"Central Esp›rito-santense";0,5;785128;2576493121,5;985,752
"Sudeste";32005;"S“o Mateus";3202;"Litoral Norte Esp›rito-santense";0,5225;88525;326074716,44;532,845
"Sudeste";32008;"Santa Teresa";3203;"Central Esp›rito-santense";0,475;57712;177577099,18;577,885
"Sudeste";32013;"Itapemirim";3204;"Sul Esp›rito-santense";0,48;31658;211025878,39;462,216666666667
"Sudeste";32004;"Montanha";3202;"Litoral Norte Esp›rito-santense";0,4975;25188;103826038,05;458,6825
"Sudeste";33013;"Ba›a da Ilha Grande";3305;"Sul Fluminense";0,51;99650;609035840,7;766,52
"Sudeste";33002;"Santo Ant∂nio de Pﬂdua";3301;"Noroeste Fluminense";0,478333333333333;58403;201413657,55;554,131666666667
"Sudeste";33010;"Lagos";3304;"Baixadas";0,52;252619;875483167,71;753,165714285714
"Sudeste";33005;"Tr€s Rios";3303;"Centro Fluminense";0,488;70974;167029879,19;601,746
"Sudeste";33012;"Barra do Pira›";3305;"Sul Fluminense";0,496666666666667;82318;187678718,22;631,303333333333
"Sudeste";33011;"Vale do Para›ba Fluminense";3305;"Sul Fluminense";0,484444444444444;325648;1261456682;709,693333333333
"Sudeste";33018;"Rio de Janeiro";3306;"Metropolitana do Rio de Janeiro";0,47375;5562487;15965272532,14;739,53375
"Sudeste";33007;"Nova Friburgo";3303;"Centro Fluminense";0,475;123457;316687815,82;641,045
"Sudeste";33001;"Itaperuna";3301;"Noroeste Fluminense";0,497142857142857;91310;321170150,09;591,692857142857
"Sudeste";33016;"Macacu-Caceribu";3306;"Metropolitana do Rio de Janeiro";0,485;51953;182829186,98;623,995
"Sudeste";33004;"Maca⁄";3302;"Norte Fluminense";0,4975;134867;1478276230,18;738,6625
"Sudeste";33003;"Campos dos Goytacazes";3302;"Norte Fluminense";0,488;257470;341660354,64;532,146
"Sudeste";33006;"Cantagalo-Cordeiro";3303;"Centro Fluminense";0,4825;30155;137149470,09;625,13
"Sudeste";33009;"Bacia de S“o Jo“o";3304;"Baixadas";0,5;81303;647595429,3;765,543333333333
"Sudeste";33014;"Vassouras";3306;"Metropolitana do Rio de Janeiro";0,5;75018;282379455,18;637,358333333333
"Sudeste";33017;"Itagua›";3306;"Metropolitana do Rio de Janeiro";0,483333333333333;104067;476321961,1;690,823333333333
"Sudeste";33015;"Serrana";3306;"Metropolitana do Rio de Janeiro";0,526666666666667;237663;241100995,96;766,756666666667
"Sudeste";33008;"Santa Maria Madalena";3303;"Centro Fluminense";0,47;13322;76554833,49;485,833333333333
"Sudeste";35035;"Adamantina";3508;"Presidente Prudente";0,425714285714286;74575;169708183,13;636,412857142857
"Sudeste";35004;"S“o Jos⁄ do Rio Preto";3501;"S“o Jos⁄ do Rio Preto";0,407931034482759;407743;1248056281,08;718,328275862069
"Sudeste";35029;"Pirassununga";3507;"Campinas";0,485;91873;262582571,95;832,7375
"Sudeste";35030;"S“o Jo“o da Boa Vista";3507;"Campinas";0,470714285714286;203317;602285561,42;756,944285714286
"Sudeste";35033;"Amparo";3507;"Campinas";0,445;96396;262909243,14;777,55375
"Sudeste";35022;"Avar⁄";3504;"Bauru";0,455;84138;284453121,67;643,45875
"Sudeste";35028;"Piracicaba";3506;"Piracicaba";0,4625;285670;958119922,27;882,458333333333
"Sudeste";35020;"Bauru";3504;"Bauru";0,437142857142857;286391;851731965,05;681,017619047619
"Sudeste";35042;"Itapetininga";3511;"Itapetininga";0,47;89457;235224954,77;613,214
"Sudeste";35036;"Presidente Prudente";3508;"Presidente Prudente";0,443666666666667;278785;853924219,76;625,674
"Sudeste";35015;"Batatais";3502;"Ribeir“o Preto";0,455;53208;158974595,87;684,665
"Sudeste";35018;"Birigui";3503;"Ara˛atuba";0,401111111111111;133956;413077147,25;666,847777777778
"Sudeste";35046;"Sorocaba";3512;"Macro Metropolitana Paulista";0,457333333333333;663137;1965977315,04;763,882
"Sudeste";35003;"Votuporanga";3501;"S“o Jos⁄ do Rio Preto";0,41;71894;194814175,31;675,852222222222
"Sudeste";35038;"Mar›lia";3509;"Mar›lia";0,450769230769231;167140;607776789,18;674,697692307692
"Sudeste";35032;"Campinas";3507;"Campinas";0,46625;1385098;5348397910,77;1026,251875
"Sudeste";35024;"Araraquara";3505;"Araraquara";0,423333333333333;263560;773823954,88;687,596
"Sudeste";35025;"S“o Carlos";3505;"Araraquara";0,445;160213;503975830,02;770,94
"Sudeste";35016;"Andradina";3503;"Ara˛atuba";0,453636363636364;87215;348646180,77;702,235454545455
"Sudeste";35023;"Botucatu";3504;"Bauru";0,46;101506;305837786,59;717,102857142857
"Sudeste";35051;"Guaratinguetﬂ";3513;"Vale do Para›ba Paulista";0,481818181818182;191040;521009402,09;656,089090909091
"Sudeste";35001;"Jales";3501;"S“o Jos⁄ do Rio Preto";0,412173913043478;76278;324041273,13;660,804347826087
"Sudeste";35044;"Cap“o Bonito";3511;"Itapetininga";0,508;57753;186192971,39;412,204
"Sudeste";35017;"Ara˛atuba";3503;"Ara˛atuba";0,42;127240;399649966,23;709,51
"Sudeste";35011;"Ituverava";3502;"Ribeir“o Preto";0,514;46305;137846839,2;876,352
"Sudeste";35052;"Bananal";3513;"Vale do Para›ba Paulista";0,474;11795;39860110,52;477,712
"Sudeste";35027;"Limeira";3506;"Piracicaba";0,46875;298338;945506350,88;874,7025
"Sudeste";35037;"Tup“";3509;"Mar›lia";0,44;53338;144594035,87;615,295714285714
"Sudeste";35005;"Catanduva";3501;"S“o Jos⁄ do Rio Preto";0,403846153846154;114460;414450688,93;742,219230769231
"Sudeste";35031;"Moji Mirim";3507;"Campinas";0,448571428571429;194490;651502701,86;787,255714285714
"Sudeste";35059;"Guarulhos";3515;"Metropolitana de S“o Paulo";0,506666666666667;666094;2125110311,01;787,896666666667
"Sudeste";35039;"Assis";3510;"Assis";0,445882352941176;126018;463642825,76;654,209411764706
"Sudeste";35048;"Bragan˛a Paulista";3512;"Macro Metropolitana Paulista";0,456363636363636;255040;741543452,68;779,544545454545
"Sudeste";35006;"Auriflama";3501;"S“o Jos⁄ do Rio Preto";0,404444444444444;23695;114246399,73;674,093333333333
"Sudeste";35041;"Itapeva";3511;"Itapetininga";0,481666666666667;103795;359503750,07;473,1025
"Sudeste";35021;"Ja∑";3504;"Bauru";0,429166666666667;179800;464703443,2;766,45
"Sudeste";35055;"Registro";3514;"Litoral Sul Paulista";0,4975;104250;389118355,21;518,509166666667
"Sudeste";35009;"Barretos";3502;"Ribeir“o Preto";0,446666666666667;70324;279317540,03;735,406666666667
"Sudeste";35014;"Ribeir“o Preto";3502;"Ribeir“o Preto";0,45125;544440;1697565753,36;790,08
"Sudeste";35057;"Osasco";3515;"Metropolitana de S“o Paulo";0,5125;872071;3237526043,61;907,74375
"Sudeste";35013;"Jaboticabal";3502;"Ribeir“o Preto";0,437647058823529;209440;645018829,88;767,157058823529
"Sudeste";35040;"Ourinhos";3510;"Assis";0,450555555555556;142024;464674745,6;647,818888888889
"Sudeste";35063;"Santos";3515;"Metropolitana de S“o Paulo";0,49;715226;3727830359,9;912,363333333333
"Sudeste";35062;"Mogi das Cruzes";3515;"Metropolitana de S“o Paulo";0,46375;621314;1550501999,96;664,2475
"Sudeste";35043;"Tatu›";3511;"Itapetininga";0,446666666666667;129205;396492524,21;719,261111111111
"Sudeste";35026;"Rio Claro";3506;"Piracicaba";0,463333333333333;127656;442875981,77;806,78
"Sudeste";35050;"S“o Jos⁄ dos Campos";3513;"Vale do Para›ba Paulista";0,4975;711378;2341767014,07;864,26375
"Sudeste";35019;"Lins";3504;"Bauru";0,42375;79040;219545685,78;651,9275
"Sudeste";35058;"Franco da Rocha";3515;"Metropolitana de S“o Paulo";0,4675;212433;457736385,04;715,145
"Sudeste";35047;"Jundia›";3512;"Macro Metropolitana Paulista";0,456;333695;1247269721,52;960,248
"Sudeste";35049;"Campos do Jord“o";3513;"Vale do Para›ba Paulista";0,5225;35342;134561921,62;694,08
"Sudeste";35054;"Caraguatatuba";3513;"Vale do Para›ba Paulista";0,515;145371;831848338,39;802,385
"Sudeste";35060;"Itapecerica da Serra";3515;"Metropolitana de S“o Paulo";0,4875;493663;1265533730,88;735,56625
"Sudeste";35012;"Franca";3502;"Ribeir“o Preto";0,442;202259;440766790,74;624,54
"Sudeste";35053;"Paraibuna/Paraitinga";3513;"Vale do Para›ba Paulista";0,494285714285714;32666;116172935,73;570,565714285714
"Sudeste";35061;"S“o Paulo";3515;"Metropolitana de S“o Paulo";0,49125;7154658;29201530874,32;1111,42375
"Sudeste";35034;"Dracena";3508;"Presidente Prudente";0,422;56393;183474448,59;687,42
"Sudeste";35002;"Fernandæpolis";3501;"S“o Jos⁄ do Rio Preto";0,414545454545455;54172;204488880,18;670,201818181818
"Sudeste";35010;"S“o Joaquim da Barra";3502;"Ribeir“o Preto";0,468888888888889;103418;385909505,54;776,026666666667
"Sudeste";35045;"Piedade";3512;"Macro Metropolitana Paulista";0,478;89612;219257651,85;572,75
"Sudeste";35008;"Novo Horizonte";3501;"S“o Jos⁄ do Rio Preto";0,406666666666667;40169;149988206,28;727,876666666667
"Sudeste";35056;"Itanha⁄m";3514;"Litoral Sul Paulista";0,5;96811;409955839,47;609,352
"Sudeste";35007;"Nhandeara";3501;"S“o Jos⁄ do Rio Preto";0,42;33634;110196393,5;779,218888888889
"Sul";41015;"Corn⁄lio Procæpio";4104;"Norte Pioneiro Paranaense";0,45;85000;187209320,46;570,891428571429
"Sul";41035;"Cerro Azul";4110;"Metropolitana de Curitiba";0,5;11679;32583613,09;353,666666666667
"Sul";41039;"Rio Negro";4110;"Metropolitana de Curitiba";0,468333333333333;42934;109237803,42;543,031666666667
"Sul";41037;"Curitiba";4110;"Metropolitana de Curitiba";0,453157894736842;1622516;5006640224,74;701,585263157895
"Sul";41004;"Goioer€";4102;"Centro Ocidental Paranaense";0,487272727272727;54813;149853812,62;575,203636363636
"Sul";41002;"Umuarama";4101;"Noroeste Paranaense";0,425238095238095;134006;350279991,2;593,021904761905
"Sul";41001;"Paranava›";4101;"Noroeste Paranaense";0,421724137931034;133968;357104663,43;582,315862068966
"Sul";41007;"Porecatu";4103;"Norte Central Paranaense";0,43625;40037;106360041,13;646,5325
"Sul";41025;"Capanema";4107;"Sudoeste Paranaense";0,46875;49941;122564108,39;642,84875
"Sul";41023;"Cascavel";4106;"Oeste Paranaense";0,477222222222222;226718;532407617,57;598,261666666667
"Sul";41006;"Astorga";4103;"Norte Central Paranaense";0,413181818181818;95401;263388675,13;655,240909090909
"Sul";41038;"Paranaguﬂ";4110;"Metropolitana de Curitiba";0,52;120293;308427356,07;670,194285714286
"Sul";41034;"S“o Mateus do Sul";4109;"Sudeste Paranaense";0,49;30254;78704437,06;511,63
"Sul";41010;"Apucarana";4103;"Norte Central Paranaense";0,443333333333333;151494;309101142,45;665,92
"Sul";41020;"Jaguaria›va";4105;"Centro Oriental Paranaense";0,5375;41935;137206420,14;603,2825
"Sul";41013;"Ivaipor“";4103;"Norte Central Paranaense";0,484;66725;182779391,02;501,216666666667
"Sul";41005;"Campo Mour“o";4102;"Centro Ocidental Paranaense";0,472142857142857;106802;259479564,74;583,788571428571
"Sul";41014;"Assa›";4104;"Norte Pioneiro Paranaense";0,48625;32273;92873318,65;560,99
"Sul";41022;"Toledo";4106;"Oeste Paranaense";0,457142857142857;203804;572288027,4;732,14380952381
"Sul";41026;"Francisco Beltr“o";4107;"Sudoeste Paranaense";0,485263157894737;129265;339697934,78;657,314210526316
"Sul";41016;"Jacarezinho";4104;"Norte Pioneiro Paranaense";0,496666666666667;59008;133972021,18;645,32
"Sul";41033;"Uni“o da Vitæria";4109;"Sudeste Paranaense";0,502857142857143;54990;167202643,17;526,9
"Sul";41028;"Pitanga";4108;"Centro-Sul Paranaense";0,495;36315;95052529,16;400,125
"Sul";41012;"Faxinal";4103;"Norte Central Paranaense";0,43;22818;65894641,77;565,854285714286
"Sul";41027;"Pato Branco";4107;"Sudoeste Paranaense";0,488;82062;231903760,02;701,934
"Sul";41011;"Londrina";4103;"Norte Central Paranaense";0,438333333333333;379062;986757705,69;708,173333333333
"Sul";41029;"Guarapuava";4108;"Centro-Sul Paranaense";0,531111111111111;175792;420062705,05;473,425555555556
"Sul";41021;"Ponta Grossa";4105;"Centro Oriental Paranaense";0,5475;197473;459253094,75;739,2975
"Sul";41018;"Wenceslau Braz";4104;"Norte Pioneiro Paranaense";0,458;47545;111549850,29;547,956
"Sul";41024;"Foz do Igua˛u";4106;"Oeste Paranaense";0,502727272727273;206084;666418135,28;763,162727272727
"Sul";41003;"Cianorte";4101;"Noroeste Paranaense";0,396363636363636;76223;191083817,92;656,015454545455
"Sul";41030;"Palmas";4108;"Centro-Sul Paranaense";0,538;39779;125939630,34;535,044
"Sul";41017;"Ibaiti";4104;"Norte Pioneiro Paranaense";0,5;35268;64651405,53;578,9375
"Sul";41008;"Flora›";4103;"Norte Central Paranaense";0,405714285714286;17295;53159261,48;688,195714285714
"Sul";41031;"Prudentæpolis";4109;"Sudeste Paranaense";0,502857142857143;63390;136260702,23;506,737142857143
"Sul";41019;"Tel€maco Borba";4105;"Centro Oriental Paranaense";0,48;69253;215514660,67;495,501666666667
"Sul";41032;"Irati";4109;"Sudeste Paranaense";0,5225;49086;107513555,58;607,0625
"Sul";41036;"Lapa";4110;"Metropolitana de Curitiba";0,5;23869;56302420,18;632,18
"Sul";41009;"Maringﬂ";4103;"Norte Central Paranaense";0,418;292324;676885873,96;779,174
"Sul";42009;"Curitibanos";4203;"Serrana";0,470833333333333;55434;180284844,37;555,848333333333
"Sul";42003;"Xanxer€";4201;"Oeste Catarinense";0,487647058823529;76405;250575525,5;683,298823529412
"Sul";42014;"Ituporanga";4204;"Vale do Itaja›";0,43;31610;79789638,31;735,111428571429
"Sul";42011;"Rio do Sul";4204;"Vale do Itaja›";0,4315;115540;321969973,05;833,527
"Sul";42004;"Joa˛aba";4201;"Oeste Catarinense";0,458148148148148;169531;526029037,08;819,995555555556
"Sul";42002;"Chapecæ";4201;"Oeste Catarinense";0,44;230381;667662404,31;748,811578947368
"Sul";42017;"Tabuleiro";4205;"Grande Florianæpolis";0,426;13569;42567134,84;713,08
"Sul";42005;"Concærdia";4201;"Oeste Catarinense";0,446;83965;268976791,55;863,969333333333
"Sul";42001;"S“o Miguel do Oeste";4201;"Oeste Catarinense";0,442857142857143;101127;253777738,61;741,971428571429
"Sul";42015;"Tijucas";4205;"Grande Florianæpolis";0,43;48104;102837720,81;772,445714285714
"Sul";42010;"Campos de Lages";4203;"Serrana";0,472222222222222;135958;407949588,26;555,051666666667
"Sul";42016;"Florianæpolis";4205;"Grande Florianæpolis";0,424444444444444;484439;1196402315,31;969,455555555556
"Sul";42012;"Blumenau";4204;"Vale do Itaja›";0,384;389041;1060836221,49;922,185333333333
"Sul";42008;"Joinville";4202;"Norte Catarinense";0,418181818181818;457440;1446948988,23;845,944545454546
"Sul";42020;"Araranguﬂ";4206;"Sul Catarinense";0,441333333333333;95898;225476408,8;724,218666666667
"Sul";42018;"Tubar“o";4206;"Sul Catarinense";0,417368421052632;191605;474124354,27;817,944736842105
"Sul";42013;"Itaja›";4204;"Vale do Itaja›";0,429166666666667;300768;1148989114,05;908,2175
"Sul";42006;"Canoinhas";4202;"Norte Catarinense";0,4825;119703;287630241,4;577,636666666667
"Sul";42007;"S“o Bento do Sul";4202;"Norte Catarinense";0,446666666666667;66488;218440033,53;709,256666666667
"Sul";42019;"Crici∑ma";4206;"Sul Catarinense";0,397;196159;479700429,06;829,27
"Sul";43031;"Campanha Meridional";4306;"Sudoeste Rio-grandense";0,534;79705;239472205,67;628,036
"Sul";43010;"Passo Fundo";4301;"Noroeste Rio-grandense";0,472692307692308;177088;472061713,81;869,475384615385
"Sul";43019;"Restinga Seca";4303;"Centro Ocidental Rio-grandense";0,497777777777778;33884;104947315,66;756,945555555556
"Sul";43008;"Iju›";4301;"Noroeste Rio-grandense";0,496666666666667;98173;309200186,95;800,550666666667
"Sul";43001;"Santa Rosa";4301;"Noroeste Rio-grandense";0,446923076923077;87768;238344533,67;692,84
"Sul";43029;"Campanha Ocidental";4306;"Sudoeste Rio-grandense";0,521;165231;400660009,19;581,432
"Sul";43009;"Carazinho";4301;"Noroeste Rio-grandense";0,482222222222222;82647;260113074,71;686,556666666667
"Sul";43003;"Frederico Westphalen";4301;"Noroeste Rio-grandense";0,493703703703704;95292;286366643,59;659,077407407407
"Sul";43011;"Cruz Alta";4301;"Noroeste Rio-grandense";0,502857142857143;77263;219532877,95;783,239285714286
"Sul";43023;"Montenegro";4305;"Metropolitana de Porto Alegre";0,368571428571429;113765;346844531,84;809,951428571429
"Sul";43026;"Porto Alegre";4305;"Metropolitana de Porto Alegre";0,455454545454545;1877881;5787034410,58;806,983636363636
"Sul";43032;"Serras de Sudeste";4307;"Sudeste Rio-grandense";0,4975;55154;175869297,67;530,16875
"Sul";43014;"Guapor⁄";4302;"Nordeste Rio-grandense";0,424761904761905;77269;249374354,42;969,716666666667
"Sul";43016;"Caxias do Sul";4302;"Nordeste Rio-grandense";0,412777777777778;450249;1407992719,15;1049,50722222222
"Sul";43028;"Camaqu“";4305;"Metropolitana de Porto Alegre";0,4825;61910;148531561,29;552,96625
"Sul";43004;"Erechim";4301;"Noroeste Rio-grandense";0,457333333333333;116150;334238878,67;776,945
"Sul";43021;"Lajeado-Estrela";4304;"Centro Oriental Rio-grandense";0,411935483870968;183372;472235649,78;857,06935483871
"Sul";43027;"Osærio";4305;"Metropolitana de Porto Alegre";0,482173913043478;166751;584129596,93;736,28347826087
"Sul";43033;"Pelotas";4307;"Sudeste Rio-grandense";0,485;237709;564733859,18;642,762
"Sul";43025;"S“o Jer∂nimo";4305;"Metropolitana de Porto Alegre";0,493333333333333;66257;313568550,16;645,924444444444
"Sul";43020;"Santa Cruz do Sul";4304;"Centro Oriental Rio-grandense";0,46;182519;452041156,43;649,175
"Sul";43034;"Jaguar“o";4307;"Sudeste Rio-grandense";0,556666666666667;23332;63935885,06;632,396666666667
"Sul";43005;"Sananduva";4301;"Noroeste Rio-grandense";0,476363636363636;33973;102262140,23;705,325454545455
"Sul";43002;"Tr€s Passos";4301;"Noroeste Rio-grandense";0,4985;76812;240979090,83;713,5345
"Sul";43013;"Soledade";4301;"Noroeste Rio-grandense";0,51625;35031;100866785,55;587,4525
"Sul";43015;"Vacaria";4302;"Nordeste Rio-grandense";0,475;75964;235762669,35;606,843571428571
"Sul";43007;"Santo -ngelo";4301;"Noroeste Rio-grandense";0,4825;99379;267393264,21;597,339375
"Sul";43018;"Santa Maria";4303;"Centro Ocidental Rio-grandense";0,504615384615385;177624;418277962,37;652,491538461538
"Sul";43022;"Cachoeira do Sul";4304;"Centro Oriental Rio-grandense";0,451428571428571;74790;183890918,48;631,287142857143
"Sul";43006;"Cerro Largo";4301;"Noroeste Rio-grandense";0,444545454545455;36036;112305859,28;657,883636363636
"Sul";43024;"Gramado-Canela";4305;"Metropolitana de Porto Alegre";0,394666666666667;171018;426612852,86;813,305333333333
"Sul";43017;"Santiago";4303;"Centro Ocidental Rio-grandense";0,542222222222222;54082;165619637,56;573,994444444444
"Sul";43035;"Litoral Lagunar";4307;"Sudeste Rio-grandense";0,49;116277;297340423,37;636,65
"Sul";43012;"N“o-Me-Toque";4301;"Noroeste Rio-grandense";0,46;24337;85409231,18;928,524285714286
"Sul";43030;"Campanha Central";4306;"Sudoeste Rio-grandense";0,5325;84820;196641290,93;646,0925
"Centro-Oeste";50007;"Tr€s Lagoas";5003;"Leste de Mato Grosso do Sul";0,488;79249;281972351,4;647,984
"Centro-Oeste";50003;"Alto Taquari";5002;"Centro Norte de Mato Grosso do S";0,495;58675;218853465,97;661,69875
"Centro-Oeste";50010;"Dourados";5004;"Sudoeste de Mato Grosso do Sul";0,538;236787;766772669,49;612,486
"Centro-Oeste";50002;"Aquidauana";5001;"Pantanais Sul Mato-grossense";0,5375;44118;114984768,31;483,68
"Centro-Oeste";50008;"Nova Andradina";5003;"Leste de Mato Grosso do Sul";0,488;43131;133522698,14;590,094
"Centro-Oeste";50011;"Iguatemi";5004;"Sudoeste de Mato Grosso do Sul";0,516875;99141;360142166,07;514,26875
"Centro-Oeste";50006;"Parana›ba";5003;"Leste de Mato Grosso do Sul";0,4675;37485;131654131,11;643,8575
"Centro-Oeste";50004;"Campo Grande";5002;"Centro Norte de Mato Grosso do S";0,52125;459376;1496894374,52;624,82125
"Centro-Oeste";50009;"Bodoquena";5004;"Sudoeste de Mato Grosso do Sul";0,54;48585;131143187,8;560,055714285714
"Centro-Oeste";50005;"Cassil‘ndia";5003;"Leste de Mato Grosso do Sul";0,493333333333333;31270;124366271,21;825,023333333333
"Centro-Oeste";50001;"Baixo Pantanal";5001;"Pantanais Sul Mato-grossense";0,56;60467;282333798,24;580,483333333333
"Centro-Oeste";51016;"Rosﬂrio Oeste";5104;"Centro-Sul Mato-grossense";0,516666666666667;12006;29075357,01;353,076666666667
"Centro-Oeste";51010;"Canarana";5102;"Nordeste Mato-grossense";0,53;43654;184008706,62;558,82375
"Centro-Oeste";51002;"Alta Floresta";5101;"Norte Mato-grossense";0,52;47714;135562100,07;562,483333333333
"Centro-Oeste";51022;"Alto Araguaia";5105;"Sudeste Mato-grossense";0,463333333333333;17416;86182754,67;701,72
"Centro-Oeste";51009;"Norte Araguaia";5102;"Nordeste Mato-grossense";0,535714285714286;47021;139237273,24;473,150714285714
"Centro-Oeste";51015;"Alto Paraguai";5104;"Centro-Sul Mato-grossense";0,444;14088;43344756,24;477,88
"Centro-Oeste";51011;"M⁄dio Araguaia";5102;"Nordeste Mato-grossense";0,486666666666667;28956;90880620,63;613,476666666667
"Centro-Oeste";51020;"Tesouro";5105;"Sudeste Mato-grossense";0,492222222222222;23344;88171519,77;515,432222222222
"Centro-Oeste";51014;"Jauru";5103;"Sudoeste Mato-grossense";0,493333333333333;47790;161288043,45;550,314166666667
"Centro-Oeste";51001;"Aripuan“";5101;"Norte Mato-grossense";0,54125;62023;197468789,48;508,57125
"Centro-Oeste";51018;"Alto Pantanal";5104;"Centro-Sul Mato-grossense";0,505;55554;127545955,98;459,66
"Centro-Oeste";51013;"Tangarﬂ da Serra";5103;"Sudoeste Mato-grossense";0,51;68660;191899774,17;570,944
"Centro-Oeste";51004;"Parecis";5101;"Norte Mato-grossense";0,51;44283;185167889,24;826,796
"Centro-Oeste";51019;"Primavera do Leste";5105;"Sudeste Mato-grossense";0,51;43850;130804603,47;934,21
"Centro-Oeste";51017;"Cuiabﬂ";5104;"Centro-Sul Mato-grossense";0,508;434811;1105050780,53;633,404
"Centro-Oeste";51007;"Sinop";5101;"Norte Mato-grossense";0,515555555555556;87498;267496626,2;680,253333333333
"Centro-Oeste";51003;"Col›der";5101;"Norte Mato-grossense";0,54375;69398;192318417,8;595,01125
"Centro-Oeste";51012;"Alto Guapor⁄";5103;"Sudoeste Mato-grossense";0,504;29686;101604464,45;534,472
"Centro-Oeste";51021;"Rondonæpolis";5105;"Sudeste Mato-grossense";0,46;136840;515878263,05;587,8425
"Centro-Oeste";51008;"Paranatinga";5101;"Norte Mato-grossense";0,5625;13038;59780598,21;480,295
"Centro-Oeste";51006;"Alto Teles Pires";5101;"Norte Mato-grossense";0,494444444444444;98774;318711037,48;783,941111111111
"Centro-Oeste";51005;"Arinos";5101;"Norte Mato-grossense";0,481666666666667;36047;124382312,07;579,418333333333
"Centro-Oeste";52010;"Goi‘nia";5203;"Centro Goiano";0,458823529411765;1133413;2732940581,45;617,664705882353
"Centro-Oeste";52012;"Entorno de Bras›lia";5204;"Leste Goiano";0,4965;489230;865602705,81;525,465
"Centro-Oeste";52014;"Vale do Rio dos Bois";5205;"Sul Goiano";0,473846153846154;56438;167676126,61;618,98
"Centro-Oeste";52009;"Anicuns";5203;"Centro Goiano";0,465384615384615;51349;122871725,7;584,296153846154
"Centro-Oeste";52015;"Meia Ponte";5205;"Sul Goiano";0,47;180235;548466936,86;666,757619047619
"Centro-Oeste";52004;"Porangatu";5202;"Norte Goiano";0,500526315789474;103058;365105393,33;508,541578947368
"Centro-Oeste";52005;"Chapada dos Veadeiros";5202;"Norte Goiano";0,5525;26431;64120492,6;429,48625
"Centro-Oeste";52011;"V“o do Paran“";5204;"Leste Goiano";0,559166666666667;42615;114548541,07;385,8425
"Centro-Oeste";52008;"Iporﬂ";5203;"Centro Goiano";0,447;28511;76987953,59;553,778
"Centro-Oeste";52007;"Anﬂpolis";5203;"Centro Goiano";0,4565;266249;634848146,46;565,1685
"Centro-Oeste";52017;"Catal“o";5205;"Sul Goiano";0,457272727272727;75360;217143435,55;709,604545454545
"Centro-Oeste";52013;"Sudoeste de Goiﬂs";5205;"Sul Goiano";0,478888888888889;227716;701788225,58;684,126666666667
"Centro-Oeste";52003;"Aragar˛as";5201;"Noroeste Goiano";0,485714285714286;26516;76671217,6;543,164285714286
"Centro-Oeste";52002;"Rio Vermelho";5201;"Noroeste Goiano";0,506666666666667;42358;96375536,14;615,123333333333
"Centro-Oeste";52006;"Ceres";5203;"Centro Goiano";0,446363636363636;110675;275502695,69;528,696818181818
"Centro-Oeste";52018;"Quirinæpolis";5205;"Sul Goiano";0,497777777777778;56705;194244565,46;776,264444444444
"Centro-Oeste";52016;"Pires do Rio";5205;"Sul Goiano";0,497;47340;119619079,93;659,22
"Centro-Oeste";52001;"S“o Miguel do Araguaia";5201;"Noroeste Goiano";0,471428571428571;35313;118682954,33;496,837142857143
"Centro-Oeste";53001;"Bras›lia";5301;"Distrito Federal";0,63;1361053;0;1715,11
