Individuo_populacao;Anos_estudos
1;6
2;9
3;11
4;2
5;4
6;10
7;10
8;6
9;3
10;4
11;7
12;0
13;1
14;8
15;3
16;1
17;11
18;4
19;8
20;6
21;0
22;9
23;1
24;6
25;12
26;3
27;11
28;9
29;4
30;1
31;4
32;4
33;0
34;1
35;10
36;3
37;10
38;5
39;9
40;8
41;3
42;9
43;5
44;8
45;7
46;9
47;5
48;4
49;0
50;3
51;10
52;3
53;9
54;10
55;1
56;6
57;11
58;6
59;1
60;2
61;4
62;11
63;5
64;7
65;11
66;8
67;3
68;8
69;2
70;3
71;9
72;11
73;3
74;10
75;1
76;10
77;5
78;5
79;5
80;3
81;11
82;10
83;8
84;7
85;1
86;7
87;1
88;12
89;10
90;9
91;0
92;10
93;10
94;5
95;5
96;5
97;10
98;1
99;4
100;10
101;4
102;9
103;11
104;10
105;3
106;10
107;12
108;2
109;2
110;3
111;5
112;11
113;11
114;0
115;8
116;2
117;4
118;3
119;0
120;9
121;7
122;10
123;9
124;9
125;7
126;3
127;8
128;7
129;4
130;11
131;0
132;11
133;3
134;7
135;5
136;10
137;4
138;3
139;4
140;6
141;4
142;3
143;6
144;4
145;9
146;4
147;0
148;1
149;1
150;7
151;3
152;9
153;10
154;9
155;8
156;6
157;5
158;1
159;2
160;11
161;10
162;0
163;10
164;2
165;3
166;1
167;10
168;0
169;12
170;8
171;3
172;10
173;10
174;11
175;9
176;7
177;3
178;5
179;11
180;5
181;7
182;9
183;7
184;1
185;7
186;2
187;0
188;7
189;2
190;7
191;5
192;2
193;3
194;2
195;4
196;4
197;7
198;5
199;7
200;10
201;11
202;0
203;1
204;4
205;2
206;4
207;3
208;5
209;2
210;6
211;4
212;4
213;10
214;9
215;8
216;9
217;1
218;2
219;4
220;9
221;12
222;12
223;9
224;11
225;7
226;5
227;12
228;9
229;5
230;4
231;5
232;8
233;3
234;3
235;2
236;10
237;1
238;4
239;9
240;10
241;8
242;10
243;8
244;2
245;2
246;1
247;6
248;6
249;4
250;3
251;11
252;11
253;8
254;10
255;9
256;5
257;9
258;2
259;10
260;4
261;4
262;10
263;9
264;5
265;8
266;9
267;9
268;2
269;7
270;10
271;10
272;9
273;9
274;5
275;11
276;3
277;11
278;9
279;12
280;2
281;12
282;0
283;6
284;11
285;4
286;3
287;10
288;1
289;6
290;12
291;8
292;1
293;6
294;5
295;4
296;6
297;1
298;11
299;3
300;2
301;12
302;2
303;8
304;3
305;9
306;11
307;9
308;8
309;1
310;1
311;8
312;6
313;0
314;5
315;0
316;1
317;0
318;1
319;7
320;0
321;8
322;12
323;3
324;2
325;1
326;6
327;8
328;9
329;4
330;6
331;3
332;11
333;7
334;6
335;4
336;9
337;8
338;2
339;7
340;12
341;11
342;10
343;5
344;10
345;1
346;3
347;1
348;4
349;2
350;7
351;3
352;5
353;8
354;11
355;4
356;5
357;0
358;5
359;6
360;8
361;10
362;5
363;11
364;4
365;3
366;0
367;8
368;4
369;4
370;1
371;9
372;3
373;2
374;5
375;1
376;11
377;0
378;9
379;11
380;8
381;7
382;7
383;1
384;7
385;0
386;11
387;7
388;7
389;8
390;8
391;0
392;12
393;9
394;7
395;5
396;3
397;0
398;11
399;1
400;9
401;8
402;4
403;9
404;0
405;7
406;12
407;6
408;12
409;4
410;3
411;9
412;8
413;5
414;10
415;1
416;11
417;7
418;3
419;6
420;5
421;12
422;11
423;4
424;4
425;8
426;10
427;8
428;7
429;6
430;0
431;4
432;11
433;8
434;0
435;2
436;11
437;8
438;8
439;10
440;4
441;9
442;11
443;2
444;10
445;0
446;11
447;0
448;11
449;9
450;1
451;1
452;5
453;5
454;10
455;4
456;3
457;8
458;0
459;0
460;10
461;11
462;10
463;9
464;4
465;10
466;6
467;11
468;5
469;4
470;0
471;0
472;1
473;8
474;8
475;7
476;1
477;0
478;2
479;0
480;7
481;0
482;3
483;1
484;9
485;11
486;1
487;11
488;8
489;8
490;6
491;5
492;7
493;3
494;0
495;12
496;6
497;2
498;7
499;8
500;3
501;7
502;4
503;7
504;8
505;2
506;6
507;12
508;10
509;6
510;9
511;0
512;10
513;0
514;9
515;8
516;9
517;1
518;5
519;7
520;5
521;1
522;8
523;6
524;5
525;3
526;10
527;11
528;12
529;4
530;4
531;6
532;9
533;3
534;7
535;9
536;12
537;4
538;9
539;4
540;5
541;4
542;1
543;7
544;7
545;8
546;10
547;8
548;12
549;8
550;10
551;2
552;2
553;3
554;5
555;7
556;10
557;7
558;12
559;1
560;0
561;8
562;11
563;3
564;8
565;11
566;5
567;2
568;4
569;2
570;2
571;4
572;8
573;8
574;12
575;6
576;9
577;7
578;3
579;7
580;10
581;11
582;10
583;3
584;2
585;7
586;9
587;5
588;11
589;5
590;1
591;9
592;4
593;10
594;8
595;11
596;4
597;11
598;9
599;3
600;2
601;0
602;0
603;1
604;9
605;10
606;0
607;1
608;7
609;3
610;10
611;6
612;2
613;1
614;1
615;12
616;9
617;0
618;9
619;2
620;3
621;3
622;4
623;10
624;5
625;10
626;2
627;6
628;11
629;8
630;11
631;6
632;3
633;9
634;2
635;6
636;11
637;6
638;11
639;10
640;3
641;2
642;7
643;11
644;1
645;0
646;9
647;1
648;2
649;8
650;0
651;3
652;9
653;9
654;10
655;5
656;10
657;4
658;12
659;11
660;8
661;10
662;9
663;2
664;4
665;3
666;3
667;2
668;2
669;11
670;0
671;9
672;0
673;5
674;8
675;10
676;1
677;2
678;4
679;9
680;10
681;0
682;5
683;0
684;5
685;1
686;7
687;3
688;3
689;4
690;2
691;12
692;10
693;0
694;10
695;2
696;7
697;6
698;3
699;3
700;9
701;2
702;5
703;9
704;9
705;0
706;0
707;12
708;4
709;1
710;3
711;4
712;5
713;9
714;4
715;2
716;8
717;2
718;6
719;6
720;8
721;0
722;1
723;7
724;8
725;4
726;6
727;7
728;4
729;10
730;6
731;6
732;4
733;10
734;9
735;1
736;7
737;2
738;11
739;10
740;10
741;9
742;11
743;7
744;10
745;9
746;6
747;6
748;1
749;8
750;11
751;5
752;2
753;10
754;7
755;5
756;10
757;3
758;12
759;11
760;7
761;0
762;5
763;11
764;3
765;4
766;7
767;10
768;4
769;9
770;6
771;5
772;0
773;1
774;2
775;3
776;8
777;2
778;1
779;10
780;2
781;8
782;12
783;4
784;5
785;7
786;7
787;10
788;9
789;8
790;11
791;8
792;0
793;5
794;4
795;12
796;6
797;8
798;0
799;10
800;7
801;0
802;6
803;10
804;10
805;3
806;7
807;3
808;0
809;0
810;7
811;11
812;8
813;9
814;3
815;3
816;1
817;6
818;7
819;0
820;10
821;12
822;2
823;5
824;3
825;0
826;8
827;4
828;2
829;0
830;3
831;7
832;8
833;2
834;0
835;11
836;12
837;5
838;7
839;11
840;5
841;8
842;6
843;4
844;2
845;7
846;1
847;5
848;3
849;2
850;3
851;12
852;10
853;5
854;9
855;9
856;6
857;3
858;10
859;10
860;5
861;8
862;3
863;9
864;5
865;9
866;0
867;6
868;9
869;1
870;2
871;8
872;10
873;7
874;1
875;7
876;3
877;2
878;7
879;1
880;8
881;3
882;2
883;3
884;8
885;2
886;1
887;1
888;7
889;0
890;2
891;4
892;8
893;11
894;10
895;11
896;1
897;8
898;11
899;0
900;12
901;6
902;0
903;3
904;9
905;7
906;6
907;8
908;9
909;0
910;2
911;3
912;12
913;3
914;12
915;3
916;2
917;0
918;9
919;12
920;0
921;4
922;1
923;6
924;2
925;7
926;4
927;10
928;3
929;0
930;10
931;1
932;0
933;3
934;12
935;6
936;5
937;6
938;9
939;10
940;1
941;3
942;10
943;11
944;10
945;2
946;5
947;7
948;8
949;8
950;9
951;0
952;0
953;4
954;3
955;12
956;6
957;10
958;7
959;5
960;4
961;4
962;8
963;1
964;5
965;11
966;2
967;6
968;10
969;7
970;4
971;1
972;5
973;10
974;9
975;10
976;12
977;5
978;1
979;7
980;7
981;4
982;2
983;5
984;5
985;10
986;5
987;4
988;6
989;5
990;1
991;7
992;6
993;2
994;3
995;7
996;7
997;5
998;3
999;2
1000;1
1001;7
1002;10
1003;2
1004;10
1005;12
1006;5
1007;10
1008;10
1009;10
1010;10
1011;3
1012;1
1013;0
1014;3
1015;9
1016;9
1017;11
1018;5
1019;5
1020;3
1021;9
1022;4
1023;1
1024;2
1025;1
1026;11
1027;10
1028;12
1029;2
1030;2
1031;1
1032;7
1033;3
1034;0
1035;6
1036;12
1037;7
1038;10
1039;3
1040;0
1041;3
1042;0
1043;8
1044;4
1045;3
1046;7
1047;7
1048;7
1049;9
1050;12
1051;1
1052;4
1053;3
1054;7
1055;10
1056;12
1057;4
1058;11
1059;2
1060;7
1061;9
1062;10
1063;7
1064;3
1065;6
1066;4
1067;8
1068;0
1069;0
1070;0
1071;9
1072;8
1073;12
1074;12
1075;11
1076;11
1077;7
1078;6
1079;0
1080;2
1081;0
1082;3
1083;2
1084;12
1085;9
1086;8
1087;9
1088;11
1089;6
1090;0
1091;1
1092;2
1093;9
1094;4
1095;8
1096;1
1097;8
1098;3
1099;7
1100;5
1101;1
1102;11
1103;6
1104;8
1105;2
1106;6
1107;7
1108;0
1109;10
1110;12
1111;11
1112;5
1113;11
1114;11
1115;4
1116;10
1117;3
1118;2
1119;3
1120;8
1121;3
1122;7
1123;8
1124;7
1125;12
1126;11
1127;2
1128;11
1129;2
1130;2
1131;0
1132;12
1133;10
1134;5
1135;10
1136;6
1137;1
1138;11
1139;1
1140;0
1141;4
1142;5
1143;8
1144;6
1145;5
1146;7
1147;3
1148;8
1149;2
1150;10
1151;10
1152;4
1153;2
1154;7
1155;6
1156;2
1157;0
1158;5
1159;0
1160;4
1161;7
1162;4
1163;10
1164;5
1165;2
1166;12
1167;6
1168;6
1169;3
1170;10
1171;9
1172;9
1173;2
1174;12
1175;5
1176;4
1177;4
1178;5
1179;7
1180;11
1181;1
1182;7
1183;4
1184;8
1185;0
1186;2
1187;1
1188;11
1189;6
1190;11
1191;5
1192;3
1193;3
1194;4
1195;7
1196;12
1197;9
1198;2
1199;10
1200;2
1201;4
1202;8
1203;1
1204;8
1205;1
1206;10
1207;5
1208;5
1209;3
1210;7
1211;6
1212;1
1213;10
1214;3
1215;2
1216;11
1217;3
1218;6
1219;11
1220;9
1221;1
1222;6
1223;6
1224;1
1225;10
1226;8
1227;1
1228;4
1229;7
1230;8
1231;6
1232;0
1233;5
1234;9
1235;11
1236;5
1237;0
1238;4
1239;11
1240;12
1241;5
1242;0
1243;12
1244;9
1245;10
1246;12
1247;7
1248;2
1249;10
1250;6
1251;5
1252;3
1253;12
1254;8
1255;11
1256;5
1257;4
1258;2
1259;8
1260;2
1261;0
1262;0
1263;10
1264;7
1265;3
1266;10
1267;5
1268;7
1269;2
1270;3
1271;7
1272;3
1273;5
1274;1
1275;5
1276;0
1277;11
1278;11
1279;7
1280;3
1281;1
1282;12
1283;9
1284;3
1285;12
1286;5
1287;9
1288;6
1289;10
1290;7
1291;8
1292;4
1293;2
1294;11
1295;5
1296;6
1297;4
1298;4
1299;4
1300;12
1301;11
1302;4
1303;11
1304;6
1305;11
1306;8
1307;10
1308;0
1309;0
1310;10
1311;6
1312;10
1313;0
1314;10
1315;1
1316;1
1317;10
1318;6
1319;8
1320;2
1321;1
1322;5
1323;11
1324;12
1325;1
1326;2
1327;6
1328;3
1329;6
1330;2
1331;9
1332;5
1333;7
1334;6
1335;3
1336;4
1337;1
1338;7
1339;0
1340;9
1341;9
1342;11
1343;0
1344;3
1345;1
1346;8
1347;10
1348;0
1349;3
1350;5
1351;5
1352;2
1353;3
1354;7
1355;3
1356;4
1357;8
1358;10
1359;9
1360;11
1361;0
1362;10
1363;6
1364;2
1365;8
1366;9
1367;9
1368;5
1369;0
1370;4
1371;10
1372;5
1373;2
1374;6
1375;1
1376;5
1377;4
1378;10
1379;9
1380;5
1381;0
1382;4
1383;2
1384;7
1385;5
1386;0
1387;9
1388;3
1389;11
1390;1
1391;1
1392;4
1393;3
1394;8
1395;4
1396;12
1397;3
1398;11
1399;12
1400;3
1401;4
1402;10
1403;9
1404;12
1405;2
1406;12
1407;3
1408;11
1409;6
1410;6
1411;9
1412;4
1413;2
1414;4
1415;1
1416;9
1417;10
1418;3
1419;0
1420;6
1421;3
1422;6
1423;10
1424;11
1425;8
1426;1
1427;2
1428;4
1429;3
1430;8
1431;8
1432;2
1433;1
1434;7
1435;10
1436;0
1437;2
1438;12
1439;3
1440;4
1441;11
1442;2
1443;3
1444;4
1445;2
1446;2
1447;7
1448;12
1449;3
1450;1
1451;7
1452;0
1453;6
1454;3
1455;0
1456;7
1457;6
1458;10
1459;5
1460;7
1461;7
1462;0
1463;7
1464;8
1465;9
1466;10
1467;7
1468;0
1469;8
1470;8
1471;2
1472;6
1473;1
1474;11
1475;7
1476;4
1477;7
1478;8
1479;12
1480;5
1481;1
1482;11
1483;8
1484;3
1485;8
1486;9
1487;0
1488;0
1489;6
1490;1
1491;10
1492;11
1493;5
1494;4
1495;7
1496;1
1497;4
1498;0
1499;10
1500;9
1501;5
1502;3
1503;6
1504;11
1505;7
1506;4
1507;2
1508;3
1509;6
1510;11
1511;2
1512;9
1513;7
1514;3
1515;4
1516;4
1517;1
1518;7
1519;9
1520;8
1521;4
1522;3
1523;6
1524;11
1525;9
1526;4
1527;2
1528;3
1529;7
1530;2
1531;5
1532;2
1533;7
1534;9
1535;9
1536;8
1537;8
1538;6
1539;7
1540;5
1541;11
1542;1
1543;6
1544;3
1545;5
1546;2
1547;4
1548;2
1549;1
1550;2
1551;11
1552;8
1553;10
1554;4
1555;9
1556;0
1557;4
1558;4
1559;8
1560;3
1561;0
1562;8
1563;0
1564;8
1565;11
1566;7
1567;1
1568;4
1569;4
1570;9
1571;11
1572;11
1573;9
1574;9
1575;11
1576;9
1577;6
1578;1
1579;6
1580;12
1581;1
1582;6
1583;6
1584;9
1585;0
1586;5
1587;12
1588;4
1589;7
1590;6
1591;8
1592;9
1593;9
1594;9
1595;1
1596;7
1597;1
1598;2
1599;5
1600;3
1601;9
1602;10
1603;9
1604;3
1605;1
1606;12
1607;4
1608;7
1609;7
1610;0
1611;6
1612;7
1613;12
1614;11
1615;0
1616;12
1617;3
1618;5
1619;11
1620;9
1621;8
1622;0
1623;2
1624;10
1625;9
1626;7
1627;2
1628;1
1629;3
1630;5
1631;4
1632;2
1633;8
1634;10
1635;0
1636;3
1637;4
1638;10
1639;6
1640;5
1641;9
1642;11
1643;0
1644;7
1645;0
1646;2
1647;4
1648;8
1649;2
1650;11
1651;11
1652;0
1653;9
1654;5
1655;3
1656;8
1657;7
1658;1
1659;8
1660;6
1661;3
1662;12
1663;9
1664;2
1665;2
1666;7
1667;0
1668;11
1669;7
1670;6
1671;3
1672;4
1673;2
1674;1
1675;11
1676;1
1677;0
1678;1
1679;4
1680;8
1681;2
1682;1
1683;3
1684;3
1685;5
1686;1
1687;12
1688;11
1689;6
1690;4
1691;3
1692;9
1693;0
1694;2
1695;9
1696;6
1697;11
1698;0
1699;7
1700;9
1701;5
1702;10
1703;3
1704;6
1705;1
1706;8
1707;0
1708;5
1709;2
1710;0
1711;7
1712;11
1713;8
1714;1
1715;3
1716;2
1717;8
1718;3
1719;7
1720;5
1721;0
1722;2
1723;11
1724;5
1725;2
1726;11
1727;7
1728;1
1729;0
1730;12
1731;3
1732;7
1733;11
1734;3
1735;12
1736;11
1737;1
1738;9
1739;9
1740;1
1741;7
1742;1
1743;8
1744;9
1745;0
1746;9
1747;0
1748;5
1749;11
1750;7
1751;9
1752;10
1753;4
1754;0
1755;5
1756;0
1757;7
1758;3
1759;11
1760;3
1761;9
1762;11
1763;0
1764;5
1765;1
1766;10
1767;2
1768;2
1769;11
1770;7
1771;7
1772;9
1773;0
1774;6
1775;9
1776;11
1777;3
1778;6
1779;5
1780;1
1781;10
1782;8
1783;1
1784;3
1785;1
1786;0
1787;1
1788;9
1789;11
1790;10
1791;11
1792;6
1793;5
1794;10
1795;1
1796;9
1797;6
1798;3
1799;5
1800;6
1801;11
1802;1
1803;7
1804;3
1805;8
1806;4
1807;9
1808;9
1809;2
1810;6
1811;1
1812;0
1813;4
1814;1
1815;12
1816;4
1817;3
1818;8
1819;12
1820;5
1821;8
1822;10
1823;8
1824;7
1825;3
1826;8
1827;3
1828;2
1829;5
1830;2
1831;5
1832;0
1833;5
1834;6
1835;6
1836;4
1837;9
1838;1
1839;8
1840;11
1841;11
1842;9
1843;1
1844;11
1845;3
1846;1
1847;1
1848;5
1849;6
1850;7
1851;9
1852;10
1853;10
1854;3
1855;0
1856;7
1857;8
1858;3
1859;8
1860;2
1861;0
1862;10
1863;6
1864;5
1865;6
1866;0
1867;10
1868;2
1869;0
1870;10
1871;1
1872;7
1873;1
1874;2
1875;9
1876;5
1877;8
1878;2
1879;6
1880;4
1881;5
1882;5
1883;0
1884;10
1885;8
1886;4
1887;4
1888;3
1889;10
1890;3
1891;3
1892;2
1893;3
1894;9
1895;10
1896;8
1897;10
1898;2
1899;7
1900;9
1901;12
1902;8
1903;10
1904;11
1905;6
1906;0
1907;11
1908;6
1909;5
1910;12
1911;8
1912;6
1913;3
1914;4
1915;2
1916;1
1917;11
1918;6
1919;5
1920;11
1921;6
1922;11
1923;1
1924;10
1925;6
1926;10
1927;11
1928;11
1929;2
1930;2
1931;1
1932;0
1933;9
1934;8
1935;0
1936;4
1937;11
1938;7
1939;9
1940;0
1941;10
1942;8
1943;6
1944;12
1945;1
1946;1
1947;11
1948;6
1949;10
1950;11
1951;8
1952;10
1953;1
1954;0
1955;1
1956;0
1957;5
1958;11
1959;6
1960;11
1961;11
1962;2
1963;8
1964;7
1965;5
1966;0
1967;11
1968;12
1969;1
1970;3
1971;0
1972;4
1973;8
1974;3
1975;7
1976;6
1977;6
1978;8
1979;0
1980;5
1981;5
1982;3
1983;5
1984;1
1985;4
1986;0
1987;10
1988;4
1989;4
1990;3
1991;11
1992;11
1993;6
1994;7
1995;4
1996;8
1997;10
1998;7
1999;12
2000;5
2001;7
2002;1
2003;9
2004;3
2005;4
2006;7
2007;4
2008;9
2009;5
2010;11
2011;1
2012;2
2013;7
2014;2
2015;5
2016;3
2017;10
2018;3
2019;0
2020;10
2021;10
2022;12
2023;6
2024;1
2025;11
2026;12
2027;1
2028;6
2029;4
2030;6
2031;7
2032;5
2033;5
2034;1
2035;4
2036;4
2037;1
2038;6
2039;0
2040;12
2041;4
2042;9
2043;4
2044;0
2045;6
2046;5
2047;2
2048;1
2049;10
2050;10
2051;0
2052;5
2053;0
2054;5
2055;7
2056;8
2057;9
2058;5
2059;11
2060;2
2061;4
2062;2
2063;1
2064;10
2065;6
2066;0
2067;11
2068;1
2069;1
2070;5
2071;10
2072;5
2073;1
2074;11
2075;1
2076;5
2077;12
2078;1
2079;12
2080;9
2081;7
2082;3
2083;4
2084;2
2085;6
2086;8
2087;7
2088;11
2089;7
2090;0
2091;1
2092;10
2093;2
2094;7
2095;2
2096;3
2097;10
2098;6
2099;7
2100;4
2101;8
2102;8
2103;9
2104;0
2105;8
2106;11
2107;3
2108;7
2109;4
2110;10
2111;2
2112;1
2113;3
2114;8
2115;8
2116;12
2117;7
2118;11
2119;7
2120;6
2121;0
2122;10
2123;10
2124;0
2125;9
2126;3
2127;5
2128;10
2129;6
2130;3
2131;6
2132;4
2133;11
2134;9
2135;7
2136;10
2137;0
2138;3
2139;4
2140;7
2141;2
2142;6
2143;6
2144;10
2145;3
2146;8
2147;7
2148;6
2149;6
2150;1
2151;10
2152;3
2153;2
2154;6
2155;12
2156;12
2157;0
2158;10
2159;6
2160;11
2161;10
2162;9
2163;12
2164;10
2165;3
2166;10
2167;1
2168;5
2169;4
2170;11
2171;7
2172;0
2173;7
2174;11
2175;6
2176;3
2177;6
2178;8
2179;7
2180;7
2181;2
2182;7
2183;4
2184;11
2185;11
2186;7
2187;6
2188;1
2189;5
2190;11
2191;7
2192;12
2193;0
2194;4
2195;1
2196;10
2197;7
2198;9
2199;5
2200;0
2201;6
2202;1
2203;9
2204;12
2205;4
2206;6
2207;8
2208;1
2209;2
2210;9
2211;12
2212;8
2213;11
2214;1
2215;3
2216;2
2217;4
2218;0
2219;9
2220;9
2221;7
2222;5
2223;0
2224;1
2225;1
2226;8
2227;7
2228;10
2229;1
2230;8
2231;1
2232;9
2233;2
2234;11
2235;1
2236;3
2237;12
2238;8
2239;6
2240;6
2241;9
2242;11
2243;10
2244;8
2245;1
2246;8
2247;1
2248;7
2249;11
2250;1
2251;7
2252;4
2253;10
2254;4
2255;10
2256;8
2257;8
2258;4
2259;10
2260;5
2261;9
2262;3
2263;4
2264;0
2265;0
2266;5
2267;6
2268;0
2269;9
2270;2
2271;4
2272;0
2273;11
2274;10
2275;1
2276;7
2277;9
2278;1
2279;5
2280;10
2281;5
2282;11
2283;6
2284;10
2285;4
2286;2
2287;11
2288;5
2289;5
2290;9
2291;11
2292;0
2293;7
2294;8
2295;2
2296;0
2297;7
2298;9
2299;11
2300;6
2301;2
2302;6
2303;6
2304;1
2305;2
2306;9
2307;7
2308;8
2309;2
2310;7
2311;10
2312;2
2313;2
2314;6
2315;6
2316;11
2317;5
2318;12
2319;10
2320;2
2321;9
2322;4
2323;8
2324;9
2325;3
2326;3
2327;9
2328;4
2329;3
2330;12
2331;6
2332;1
2333;1
2334;2
2335;9
2336;4
2337;2
2338;12
2339;1
2340;5
2341;1
2342;6
2343;12
2344;6
2345;4
2346;5
2347;1
2348;6
2349;9
2350;2
2351;1
2352;6
2353;4
2354;12
2355;1
2356;7
2357;0
2358;12
2359;8
2360;1
2361;10
2362;4
2363;6
2364;9
2365;9
2366;11
2367;4
2368;0
2369;9
2370;7
2371;6
2372;4
2373;6
2374;4
2375;2
2376;0
2377;8
2378;6
2379;7
2380;3
2381;0
2382;11
2383;2
2384;6
2385;6
2386;4
2387;0
2388;0
2389;4
2390;3
2391;7
2392;10
2393;7
2394;4
2395;9
2396;4
2397;11
2398;2
2399;7
2400;8
2401;9
2402;11
2403;10
2404;10
2405;12
2406;8
2407;0
2408;5
2409;6
2410;4
2411;4
2412;5
2413;9
2414;2
2415;6
2416;4
2417;2
2418;11
2419;5
2420;4
2421;6
2422;8
2423;11
2424;8
2425;1
2426;5
2427;1
2428;0
2429;6
2430;11
2431;0
2432;11
2433;9
2434;8
2435;2
2436;9
2437;12
2438;0
2439;7
2440;6
2441;9
2442;9
2443;2
2444;0
2445;3
2446;4
2447;10
2448;7
2449;5
2450;10
2451;3
2452;5
2453;11
2454;4
2455;4
2456;4
2457;11
2458;0
2459;2
2460;1
2461;0
2462;10
2463;1
2464;4
2465;0
2466;1
2467;5
2468;5
2469;10
2470;12
2471;12
2472;3
2473;5
2474;5
2475;0
2476;9
2477;5
2478;8
2479;10
2480;9
2481;6
2482;6
2483;4
2484;8
2485;0
2486;2
2487;5
2488;3
2489;1
2490;12
2491;7
2492;4
2493;2
2494;0
2495;6
2496;10
2497;0
2498;3
2499;9
2500;2
2501;3
2502;11
2503;2
2504;12
2505;7
2506;0
2507;9
2508;8
2509;11
2510;12
2511;7
2512;10
2513;8
2514;11
2515;6
2516;3
2517;12
2518;5
2519;2
2520;2
2521;4
2522;2
2523;7
2524;12
2525;9
2526;4
2527;8
2528;2
2529;4
2530;6
2531;4
2532;8
2533;3
2534;2
2535;6
2536;6
2537;2
2538;10
2539;11
2540;7
2541;9
2542;3
2543;5
2544;0
2545;7
2546;8
2547;3
2548;12
2549;2
2550;0
2551;1
2552;9
2553;2
2554;9
2555;12
2556;0
2557;5
2558;5
2559;12
2560;1
2561;6
2562;0
2563;9
2564;5
2565;11
2566;8
2567;0
2568;11
2569;6
2570;3
2571;1
2572;1
2573;3
2574;6
2575;2
2576;11
2577;10
2578;9
2579;0
2580;3
2581;5
2582;9
2583;8
2584;6
2585;10
2586;10
2587;5
2588;5
2589;9
2590;3
2591;12
2592;2
2593;12
2594;0
2595;11
2596;2
2597;4
2598;5
2599;3
2600;2
2601;10
2602;2
2603;10
2604;3
2605;12
2606;5
2607;11
2608;2
2609;9
2610;10
2611;5
2612;5
2613;1
2614;8
2615;5
2616;0
2617;5
2618;10
2619;10
2620;3
2621;9
2622;11
2623;10
2624;10
2625;10
2626;11
2627;12
2628;2
2629;4
2630;9
2631;4
2632;4
2633;6
2634;12
2635;4
2636;8
2637;5
2638;1
2639;12
2640;0
2641;11
2642;6
2643;6
2644;3
2645;0
2646;6
2647;7
2648;0
2649;1
2650;11
2651;5
2652;4
2653;0
2654;12
2655;10
2656;11
2657;6
2658;9
2659;3
2660;0
2661;0
2662;8
2663;1
2664;2
2665;7
2666;4
2667;7
2668;12
2669;2
2670;5
2671;5
2672;0
2673;7
2674;1
2675;11
2676;5
2677;3
2678;2
2679;2
2680;9
2681;11
2682;0
2683;9
2684;9
2685;11
2686;0
2687;10
2688;9
2689;10
2690;10
2691;8
2692;11
2693;8
2694;2
2695;7
2696;3
2697;6
2698;5
2699;7
2700;0
2701;2
2702;9
2703;3
2704;10
2705;1
2706;9
2707;11
2708;9
2709;0
2710;7
2711;10
2712;1
2713;10
2714;1
2715;1
2716;4
2717;1
2718;0
2719;2
2720;5
2721;8
2722;5
2723;9
2724;3
2725;2
2726;1
2727;5
2728;7
2729;0
2730;7
2731;6
2732;0
2733;3
2734;10
2735;4
2736;2
2737;7
2738;2
2739;5
2740;0
2741;6
2742;9
2743;2
2744;11
2745;11
2746;12
2747;6
2748;11
2749;9
2750;11
2751;11
2752;1
2753;0
2754;2
2755;5
2756;10
2757;7
2758;3
2759;4
2760;0
2761;3
2762;7
2763;10
2764;5
2765;5
2766;3
2767;0
2768;11
2769;9
2770;1
2771;2
2772;5
2773;7
2774;5
2775;0
2776;2
2777;12
2778;6
2779;10
2780;8
2781;1
2782;6
2783;11
2784;9
2785;10
2786;5
2787;6
2788;4
2789;8
2790;6
2791;0
2792;4
2793;8
2794;5
2795;5
2796;4
2797;11
2798;5
2799;10
2800;2
2801;10
2802;9
2803;5
2804;7
2805;1
2806;3
2807;10
2808;7
2809;9
2810;3
2811;11
2812;5
2813;2
2814;11
2815;8
2816;11
2817;2
2818;5
2819;0
2820;0
2821;5
2822;8
2823;2
2824;4
2825;10
2826;10
2827;2
2828;10
2829;2
2830;9
2831;4
2832;10
2833;11
2834;8
2835;9
2836;4
2837;5
2838;12
2839;5
2840;11
2841;11
2842;0
2843;10
2844;1
2845;10
2846;3
2847;7
2848;0
2849;3
2850;10
2851;9
2852;9
2853;6
2854;3
2855;4
2856;9
2857;1
2858;2
2859;9
2860;8
2861;8
2862;0
2863;0
2864;9
2865;2
2866;1
2867;9
2868;8
2869;0
2870;3
2871;1
2872;10
2873;10
2874;7
2875;1
2876;4
2877;0
2878;5
2879;7
2880;6
2881;7
2882;3
2883;4
2884;7
2885;1
2886;11
2887;2
2888;2
2889;11
2890;7
2891;3
2892;6
2893;7
2894;10
2895;4
2896;7
2897;0
2898;5
2899;8
2900;8
2901;8
2902;3
2903;0
2904;12
2905;0
2906;5
2907;12
2908;9
2909;4
2910;11
2911;0
2912;6
2913;6
2914;7
2915;7
2916;1
2917;2
2918;8
2919;3
2920;3
2921;7
2922;8
2923;7
2924;3
2925;1
2926;8
2927;0
2928;1
2929;2
2930;7
2931;2
2932;0
2933;12
2934;7
2935;12
2936;9
2937;6
2938;11
2939;10
2940;5
2941;6
2942;6
2943;7
2944;0
2945;8
2946;0
2947;10
2948;3
2949;10
2950;7
2951;12
2952;12
2953;11
2954;5
2955;11
2956;5
2957;7
2958;5
2959;8
2960;12
2961;3
2962;3
2963;3
2964;5
2965;11
2966;11
2967;5
2968;11
2969;5
2970;11
2971;6
2972;4
2973;10
2974;9
2975;0
2976;10
2977;2
2978;1
2979;10
2980;5
2981;7
2982;10
2983;4
2984;7
2985;3
2986;5
2987;9
2988;3
2989;5
2990;5
2991;1
2992;4
2993;8
2994;0
2995;8
2996;12
2997;8
2998;0
2999;0
3000;9
3001;10
3002;4
3003;1
3004;6
3005;9
3006;7
3007;9
3008;6
3009;6
3010;4
3011;10
3012;4
3013;10
3014;4
3015;4
3016;11
3017;11
3018;2
3019;8
3020;6
3021;10
3022;5
3023;10
3024;0
3025;10
3026;7
3027;5
3028;10
3029;8
3030;1
3031;11
3032;4
3033;9
3034;9
3035;3
3036;2
3037;12
3038;2
3039;4
3040;0
3041;3
3042;2
3043;11
3044;9
3045;2
3046;9
3047;10
3048;5
3049;6
3050;12
3051;5
3052;4
3053;0
3054;8
3055;1
3056;8
3057;4
3058;11
3059;8
3060;0
3061;7
3062;4
3063;10
3064;10
3065;1
3066;11
3067;11
3068;2
3069;2
3070;0
3071;7
3072;11
3073;4
3074;5
3075;5
3076;9
3077;3
3078;8
3079;8
3080;11
3081;8
3082;5
3083;10
3084;11
3085;4
3086;11
3087;7
3088;12
3089;7
3090;2
3091;11
3092;1
3093;7
3094;5
3095;5
3096;4
3097;9
3098;1
3099;7
3100;5
3101;11
3102;4
3103;5
3104;12
3105;0
3106;0
3107;1
3108;1
3109;5
3110;0
3111;3
3112;0
3113;5
3114;6
3115;6
3116;2
3117;5
3118;0
3119;3
3120;2
3121;7
3122;4
3123;6
3124;10
3125;8
3126;3
3127;8
3128;5
3129;0
3130;9
3131;8
3132;9
3133;3
3134;6
3135;2
3136;6
3137;11
3138;6
3139;4
3140;3
3141;8
3142;2
3143;5
3144;7
3145;7
3146;7
3147;0
3148;0
3149;0
3150;2
3151;0
3152;6
3153;9
3154;5
3155;11
3156;0
3157;6
3158;5
3159;4
3160;7
3161;5
3162;9
3163;8
3164;11
3165;10
3166;0
3167;4
3168;7
3169;5
3170;2
3171;10
3172;3
3173;0
3174;0
3175;10
3176;1
3177;2
3178;9
3179;1
3180;3
3181;5
3182;3
3183;12
3184;11
3185;0
3186;8
3187;12
3188;4
3189;6
3190;0
3191;2
3192;1
3193;4
3194;10
3195;10
3196;3
3197;5
3198;1
3199;8
3200;2
3201;1
3202;8
3203;11
3204;7
3205;8
3206;3
3207;7
3208;8
3209;8
3210;3
3211;9
3212;11
3213;1
3214;5
3215;3
3216;6
3217;5
3218;0
3219;8
3220;2
3221;0
3222;7
3223;2
3224;4
3225;10
3226;7
3227;5
3228;2
3229;2
3230;1
3231;8
3232;2
3233;6
3234;6
3235;1
3236;10
3237;11
3238;1
3239;5
3240;2
3241;7
3242;0
3243;2
3244;9
3245;4
3246;7
3247;10
3248;9
3249;5
3250;7
3251;6
3252;4
3253;6
3254;1
3255;5
3256;2
3257;7
3258;9
3259;9
3260;4
3261;10
3262;7
3263;1
3264;12
3265;8
3266;9
3267;1
3268;11
3269;6
3270;8
3271;6
3272;11
3273;0
3274;0
3275;1
3276;11
3277;3
3278;8
3279;11
3280;4
3281;0
3282;7
3283;8
3284;7
3285;4
3286;5
3287;4
3288;12
3289;10
3290;7
3291;12
3292;11
3293;3
3294;8
3295;5
3296;11
3297;3
3298;11
3299;9
3300;9
3301;9
3302;0
3303;2
3304;11
3305;9
3306;4
3307;4
3308;4
3309;10
3310;8
3311;7
3312;8
3313;12
3314;1
3315;8
3316;11
3317;1
3318;5
3319;2
3320;10
3321;10
3322;11
3323;1
3324;0
3325;10
3326;11
3327;9
3328;3
3329;10
3330;3
3331;3
3332;9
3333;4
3334;2
3335;0
3336;12
3337;10
3338;3
3339;5
3340;8
3341;0
3342;9
3343;6
3344;4
3345;9
3346;7
3347;5
3348;2
3349;0
3350;10
3351;11
3352;0
3353;2
3354;5
3355;6
3356;1
3357;4
3358;10
3359;9
3360;4
3361;2
3362;7
3363;7
3364;4
3365;9
3366;5
3367;6
3368;6
3369;1
3370;2
3371;1
3372;10
3373;10
3374;7
3375;9
3376;7
3377;4
3378;4
3379;6
3380;8
3381;2
3382;9
3383;0
3384;5
3385;3
3386;4
3387;7
3388;8
3389;11
3390;9
3391;11
3392;1
3393;10
3394;11
3395;4
3396;3
3397;9
3398;0
3399;0
3400;10
3401;10
3402;9
3403;9
3404;4
3405;0
3406;5
3407;10
3408;6
3409;11
3410;9
3411;1
3412;12
3413;1
3414;6
3415;2
3416;12
3417;6
3418;6
3419;7
3420;9
3421;10
3422;12
3423;4
3424;10
3425;9
3426;10
3427;1
3428;12
3429;3
3430;6
3431;11
3432;7
3433;1
3434;4
3435;3
3436;2
3437;7
3438;7
3439;6
3440;3
3441;6
3442;6
3443;2
3444;5
3445;9
3446;5
3447;6
3448;5
3449;1
3450;4
3451;5
3452;4
3453;0
3454;9
3455;9
3456;10
3457;3
3458;9
3459;6
3460;4
3461;8
3462;1
3463;2
3464;5
3465;3
3466;4
3467;3
3468;10
3469;6
3470;4
3471;8
3472;7
3473;5
3474;7
3475;8
3476;0
3477;0
3478;8
3479;9
3480;1
3481;10
3482;2
3483;11
3484;0
3485;9
3486;4
3487;6
3488;10
3489;4
3490;2
3491;8
3492;4
3493;7
3494;6
3495;7
3496;0
3497;11
3498;3
3499;2
3500;2
3501;10
3502;7
3503;6
3504;11
3505;11
3506;10
3507;1
3508;9
3509;1
3510;11
3511;2
3512;1
3513;1
3514;7
3515;7
3516;12
3517;1
3518;2
3519;8
3520;11
3521;4
3522;2
3523;9
3524;7
3525;4
3526;6
3527;4
3528;7
3529;2
3530;8
3531;12
3532;9
3533;7
3534;11
3535;1
3536;0
3537;4
3538;0
3539;7
3540;0
3541;6
3542;1
3543;4
3544;1
3545;0
3546;6
3547;3
3548;1
3549;4
3550;5
3551;12
3552;5
3553;4
3554;10
3555;2
3556;1
3557;11
3558;0
3559;12
3560;0
3561;7
3562;12
3563;12
3564;12
3565;2
3566;2
3567;9
3568;5
3569;11
3570;8
3571;10
3572;9
3573;6
3574;5
3575;8
3576;11
3577;0
3578;11
3579;8
3580;1
3581;10
3582;3
3583;2
3584;5
3585;10
3586;10
3587;10
3588;0
3589;7
3590;4
3591;12
3592;7
3593;10
3594;1
3595;4
3596;1
3597;4
3598;11
3599;3
3600;0
3601;8
3602;8
3603;1
3604;1
3605;9
3606;5
3607;3
3608;11
3609;0
3610;8
3611;3
3612;2
3613;12
3614;11
3615;12
3616;7
3617;4
3618;5
3619;5
3620;1
3621;6
3622;0
3623;10
3624;1
3625;10
3626;8
3627;11
3628;8
3629;9
3630;3
3631;2
3632;10
3633;10
3634;5
3635;8
3636;11
3637;0
3638;1
3639;9
3640;0
3641;5
3642;5
3643;10
3644;3
3645;5
3646;4
3647;11
3648;6
3649;0
3650;1
3651;11
3652;0
3653;1
3654;2
3655;11
3656;0
3657;5
3658;1
3659;7
3660;10
3661;6
3662;12
3663;6
3664;10
3665;0
3666;2
3667;11
3668;5
3669;11
3670;1
3671;6
3672;9
3673;8
3674;10
3675;7
3676;10
3677;12
3678;5
3679;11
3680;8
3681;2
3682;1
3683;6
3684;11
3685;5
3686;12
3687;5
3688;2
3689;9
3690;12
3691;12
3692;9
3693;12
3694;8
3695;6
3696;11
3697;5
3698;2
3699;8
3700;0
3701;8
3702;4
3703;3
3704;11
3705;10
3706;1
3707;0
3708;0
3709;2
3710;3
3711;9
3712;11
3713;10
3714;10
3715;1
3716;2
3717;12
3718;7
3719;5
3720;7
3721;8
3722;2
3723;1
3724;12
3725;2
3726;1
3727;7
3728;11
3729;0
3730;1
3731;4
3732;1
3733;4
3734;6
3735;8
3736;5
3737;4
3738;2
3739;9
3740;3
3741;11
3742;7
3743;8
3744;0
3745;12
3746;9
3747;6
3748;0
3749;2
3750;1
3751;6
3752;12
3753;0
3754;6
3755;5
3756;7
3757;3
3758;5
3759;11
3760;7
3761;6
3762;8
3763;7
3764;7
3765;12
3766;2
3767;5
3768;9
3769;0
3770;1
3771;1
3772;10
3773;2
3774;3
3775;5
3776;6
3777;9
3778;4
3779;10
3780;0
3781;0
3782;1
3783;3
3784;1
3785;1
3786;7
3787;3
3788;9
3789;7
3790;11
3791;5
3792;9
3793;7
3794;10
3795;8
3796;7
3797;6
3798;9
3799;3
3800;6
3801;2
3802;0
3803;7
3804;12
3805;0
3806;8
3807;6
3808;4
3809;4
3810;0
3811;10
3812;2
3813;12
3814;8
3815;10
3816;5
3817;7
3818;12
3819;12
3820;3
3821;10
3822;1
3823;4
3824;1
3825;4
3826;9
3827;10
3828;0
3829;6
3830;3
3831;11
3832;2
3833;11
3834;11
3835;8
3836;1
3837;0
3838;11
3839;10
3840;8
3841;5
3842;7
3843;7
3844;7
3845;11
3846;10
3847;7
3848;8
3849;10
3850;4
3851;7
3852;9
3853;9
3854;5
3855;0
3856;4
3857;9
3858;7
3859;5
3860;8
3861;11
3862;4
3863;4
3864;5
3865;8
3866;8
3867;10
3868;4
3869;4
3870;7
3871;10
3872;8
3873;6
3874;3
3875;2
3876;9
3877;10
3878;1
3879;11
3880;1
3881;11
3882;4
3883;2
3884;7
3885;10
3886;9
3887;7
3888;8
3889;8
3890;12
3891;0
3892;10
3893;7
3894;1
3895;11
3896;11
3897;1
3898;2
3899;5
3900;11
3901;11
3902;2
3903;3
3904;10
3905;1
3906;9
3907;4
3908;10
3909;7
3910;2
3911;2
3912;5
3913;3
3914;9
3915;9
3916;12
3917;6
3918;7
3919;3
3920;9
3921;11
3922;6
3923;6
3924;7
3925;8
3926;6
3927;3
3928;1
3929;5
3930;4
3931;9
3932;7
3933;12
3934;7
3935;5
3936;10
3937;2
3938;11
3939;4
3940;10
3941;1
3942;4
3943;4
3944;8
3945;4
3946;9
3947;1
3948;8
3949;6
3950;10
3951;7
3952;2
3953;3
3954;12
3955;4
3956;4
3957;0
3958;12
3959;8
3960;10
3961;8
3962;2
3963;2
3964;1
3965;8
3966;8
3967;3
3968;8
3969;10
3970;0
3971;2
3972;9
3973;2
3974;2
3975;6
3976;11
3977;9
3978;10
3979;1
3980;10
3981;12
3982;11
3983;9
3984;0
3985;2
3986;12
3987;8
3988;6
3989;6
3990;10
3991;11
3992;6
3993;4
3994;3
3995;7
3996;9
3997;5
3998;3
3999;6
4000;7
4001;6
4002;6
4003;3
4004;4
4005;5
4006;5
4007;9
4008;1
4009;2
4010;3
4011;2
4012;1
4013;1
4014;11
4015;4
4016;10
4017;2
4018;5
4019;11
4020;7
4021;5
4022;11
4023;12
4024;10
4025;11
4026;2
4027;6
4028;10
4029;0
4030;8
4031;9
4032;0
4033;11
4034;2
4035;7
4036;12
4037;7
4038;1
4039;8
4040;11
4041;8
4042;8
4043;1
4044;8
4045;3
4046;11
4047;3
4048;5
4049;11
4050;8
4051;11
4052;5
4053;3
4054;8
4055;0
4056;7
4057;10
4058;3
4059;5
4060;6
4061;6
4062;4
4063;7
4064;12
4065;7
4066;9
4067;4
4068;4
4069;1
4070;9
4071;10
4072;9
4073;9
4074;4
4075;3
4076;11
4077;1
4078;12
4079;11
4080;9
4081;6
4082;6
4083;8
4084;2
4085;1
4086;6
4087;10
4088;1
4089;7
4090;0
4091;11
4092;9
4093;12
4094;2
4095;6
4096;11
4097;5
4098;7
4099;1
4100;9
4101;12
4102;4
4103;1
4104;7
4105;4
4106;6
4107;3
4108;4
4109;9
4110;8
4111;4
4112;5
4113;8
4114;5
4115;0
4116;1
4117;1
4118;10
4119;10
4120;0
4121;3
4122;4
4123;8
4124;0
4125;4
4126;0
4127;2
4128;9
4129;3
4130;5
4131;1
4132;12
4133;4
4134;6
4135;5
4136;7
4137;12
4138;5
4139;9
4140;12
4141;6
4142;7
4143;11
4144;3
4145;0
4146;9
4147;1
4148;0
4149;7
4150;8
4151;4
4152;7
4153;2
4154;9
4155;6
4156;9
4157;8
4158;10
4159;0
4160;7
4161;4
4162;9
4163;6
4164;3
4165;5
4166;5
4167;9
4168;4
4169;8
4170;9
4171;7
4172;8
4173;2
4174;5
4175;0
4176;11
4177;10
4178;5
4179;9
4180;1
4181;3
4182;8
4183;7
4184;11
4185;10
4186;0
4187;11
4188;10
4189;6
4190;3
4191;10
4192;1
4193;6
4194;5
4195;5
4196;11
4197;11
4198;0
4199;4
4200;6
4201;9
4202;0
4203;12
4204;10
4205;11
4206;6
4207;7
4208;7
4209;2
4210;7
4211;0
4212;9
4213;6
4214;4
4215;1
4216;2
4217;4
4218;9
4219;12
4220;7
4221;11
4222;8
4223;11
4224;6
4225;4
4226;0
4227;3
4228;0
4229;0
4230;8
4231;3
4232;9
4233;8
4234;8
4235;9
4236;7
4237;6
4238;9
4239;4
4240;2
4241;0
4242;6
4243;11
4244;0
4245;5
4246;3
4247;3
4248;10
4249;6
4250;5
4251;5
4252;3
4253;9
4254;11
4255;12
4256;11
4257;1
4258;7
4259;3
4260;2
4261;10
4262;6
4263;5
4264;2
4265;6
4266;1
4267;5
4268;2
4269;11
4270;4
4271;9
4272;1
4273;5
4274;3
4275;8
4276;3
4277;0
4278;6
4279;10
4280;0
4281;4
4282;5
4283;2
4284;11
4285;1
4286;4
4287;6
4288;12
4289;8
4290;2
4291;3
4292;0
4293;0
4294;11
4295;8
4296;1
4297;2
4298;0
4299;5
4300;4
4301;0
4302;6
4303;7
4304;11
4305;11
4306;4
4307;3
4308;3
4309;2
4310;9
4311;5
4312;1
4313;7
4314;5
4315;9
4316;6
4317;5
4318;12
4319;6
4320;11
4321;1
4322;11
4323;9
4324;7
4325;8
4326;5
4327;10
4328;8
4329;0
4330;5
4331;11
4332;0
4333;11
4334;8
4335;4
4336;3
4337;4
4338;2
4339;2
4340;6
4341;6
4342;1
4343;11
4344;6
4345;6
4346;8
4347;3
4348;1
4349;10
4350;7
4351;10
4352;6
4353;2
4354;6
4355;3
4356;6
4357;0
4358;0
4359;3
4360;4
4361;0
4362;0
4363;8
4364;7
4365;0
4366;1
4367;9
4368;6
4369;8
4370;12
4371;12
4372;2
4373;2
4374;8
4375;11
4376;5
4377;3
4378;3
4379;3
4380;3
4381;1
4382;8
4383;8
4384;7
4385;9
4386;6
4387;11
4388;5
4389;11
4390;1
4391;10
4392;2
4393;2
4394;9
4395;0
4396;10
4397;8
4398;11
4399;2
4400;7
4401;11
4402;12
4403;4
4404;3
4405;4
4406;12
4407;5
4408;1
4409;10
4410;10
4411;4
4412;5
4413;11
4414;7
4415;10
4416;11
4417;6
4418;1
4419;6
4420;9
4421;2
4422;10
4423;0
4424;1
4425;7
4426;10
4427;8
4428;1
4429;10
4430;7
4431;0
4432;2
4433;0
4434;7
4435;1
4436;8
4437;7
4438;10
4439;0
4440;12
4441;0
4442;1
4443;7
4444;3
4445;10
4446;8
4447;1
4448;4
4449;4
4450;10
4451;1
4452;5
4453;4
4454;7
4455;9
4456;10
4457;3
4458;12
4459;5
4460;1
4461;0
4462;4
4463;11
4464;3
4465;4
4466;12
4467;11
4468;5
4469;2
4470;4
4471;4
4472;4
4473;6
4474;1
4475;8
4476;0
4477;7
4478;10
4479;10
4480;2
4481;0
4482;1
4483;8
4484;7
4485;6
4486;1
4487;11
4488;9
4489;6
4490;0
4491;8
4492;4
4493;10
4494;9
4495;11
4496;11
4497;5
4498;10
4499;10
4500;8
4501;9
4502;6
4503;3
4504;0
4505;6
4506;1
4507;0
4508;2
4509;1
4510;4
4511;3
4512;3
4513;12
4514;4
4515;1
4516;9
4517;6
4518;11
4519;6
4520;5
4521;1
4522;9
4523;8
4524;8
4525;5
4526;2
4527;9
4528;9
4529;5
4530;10
4531;6
4532;4
4533;7
4534;7
4535;10
4536;4
4537;2
4538;2
4539;10
4540;0
4541;9
4542;9
4543;8
4544;1
4545;7
4546;9
4547;0
4548;3
4549;10
4550;2
4551;3
4552;12
4553;4
4554;0
4555;5
4556;9
4557;5
4558;9
4559;7
4560;7
4561;11
4562;3
4563;8
4564;0
4565;0
4566;8
4567;11
4568;11
4569;0
4570;4
4571;3
4572;5
4573;4
4574;0
4575;6
4576;10
4577;3
4578;5
4579;10
4580;9
4581;5
4582;11
4583;1
4584;12
4585;4
4586;4
4587;4
4588;7
4589;6
4590;4
4591;11
4592;7
4593;2
4594;2
4595;7
4596;5
4597;0
4598;9
4599;0
4600;1
4601;5
4602;9
4603;7
4604;2
4605;6
4606;4
4607;11
4608;11
4609;4
4610;9
4611;6
4612;8
4613;12
4614;9
4615;10
4616;3
4617;8
4618;8
4619;2
4620;8
4621;7
4622;11
4623;7
4624;11
4625;0
4626;7
4627;3
4628;6
4629;10
4630;3
4631;1
4632;9
4633;0
4634;2
4635;9
4636;0
4637;5
4638;8
4639;2
4640;6
4641;1
4642;5
4643;1
4644;5
4645;4
4646;6
4647;9
4648;12
4649;5
4650;2
4651;4
4652;9
4653;2
4654;7
4655;11
4656;1
4657;1
4658;1
4659;4
4660;9
4661;2
4662;1
4663;7
4664;6
4665;8
4666;9
4667;2
4668;11
4669;12
4670;3
4671;1
4672;4
4673;7
4674;1
4675;0
4676;4
4677;2
4678;4
4679;9
4680;11
4681;7
4682;4
4683;9
4684;7
4685;2
4686;8
4687;7
4688;7
4689;5
4690;1
4691;3
4692;9
4693;10
4694;3
4695;11
4696;10
4697;4
4698;1
4699;12
4700;12
4701;7
4702;9
4703;9
4704;6
4705;12
4706;11
4707;5
4708;4
4709;1
4710;11
4711;3
4712;2
4713;7
4714;3
4715;7
4716;5
4717;10
4718;1
4719;10
4720;10
4721;8
4722;3
4723;10
4724;4
4725;2
4726;8
4727;12
4728;7
4729;8
4730;10
4731;7
4732;0
4733;10
4734;3
4735;11
4736;5
4737;6
4738;3
4739;9
4740;9
4741;1
4742;4
4743;1
4744;8
4745;10
4746;9
4747;7
4748;9
4749;1
4750;11
4751;11
4752;7
4753;0
4754;3
4755;4
4756;12
4757;6
4758;10
4759;11
4760;1
4761;8
4762;2
4763;5
4764;5
4765;9
4766;8
4767;6
4768;7
4769;5
4770;7
4771;4
4772;6
4773;7
4774;9
4775;4
4776;5
4777;12
4778;9
4779;12
4780;7
4781;1
4782;2
4783;10
4784;6
4785;11
4786;5
4787;6
4788;9
4789;4
4790;9
4791;11
4792;4
4793;10
4794;0
4795;0
4796;7
4797;8
4798;7
4799;11
4800;7
4801;7
4802;7
4803;5
4804;2
4805;11
4806;10
4807;0
4808;7
4809;8
4810;6
4811;11
4812;8
4813;1
4814;7
4815;2
4816;10
4817;7
4818;0
4819;10
4820;11
4821;1
4822;9
4823;8
4824;1
4825;7
4826;7
4827;10
4828;6
4829;9
4830;1
4831;6
4832;9
4833;7
4834;9
4835;12
4836;0
4837;0
4838;9
4839;7
4840;5
4841;4
4842;1
4843;8
4844;2
4845;6
4846;6
4847;11
4848;4
4849;11
4850;9
4851;10
4852;6
4853;4
4854;5
4855;4
4856;8
4857;7
4858;4
4859;4
4860;6
4861;12
4862;11
4863;2
4864;1
4865;10
4866;4
4867;12
4868;3
4869;4
4870;2
4871;3
4872;5
4873;4
4874;7
4875;5
4876;2
4877;3
4878;1
4879;2
4880;4
4881;1
4882;4
4883;6
4884;5
4885;10
4886;9
4887;8
4888;0
4889;9
4890;10
4891;4
4892;1
4893;8
4894;5
4895;7
4896;0
4897;1
4898;7
4899;5
4900;5
4901;10
4902;10
4903;7
4904;12
4905;6
4906;9
4907;10
4908;4
4909;1
4910;5
4911;1
4912;3
4913;4
4914;8
4915;4
4916;5
4917;12
4918;0
4919;12
4920;3
4921;5
4922;4
4923;5
4924;10
4925;0
4926;6
4927;4
4928;12
4929;2
4930;0
4931;5
4932;2
4933;2
4934;6
4935;0
4936;3
4937;1
4938;4
4939;3
4940;5
4941;3
4942;12
4943;11
4944;8
4945;4
4946;12
4947;3
4948;7
4949;4
4950;10
4951;12
4952;2
4953;0
4954;2
4955;3
4956;2
4957;10
4958;11
4959;12
4960;4
4961;2
4962;1
4963;2
4964;1
4965;0
4966;8
4967;2
4968;6
4969;12
4970;1
4971;11
4972;1
4973;4
4974;6
4975;10
4976;10
4977;0
4978;8
4979;1
4980;2
4981;8
4982;7
4983;6
4984;10
4985;0
4986;5
4987;2
4988;10
4989;3
4990;9
4991;7
4992;9
4993;6
4994;12
4995;7
4996;2
4997;10
4998;6
4999;3
5000;3
5001;6
5002;0
5003;0
5004;3
5005;3
5006;10
5007;3
5008;3
5009;3
5010;1
5011;0
5012;4
5013;1
5014;0
5015;3
5016;11
5017;7
5018;5
5019;12
5020;3
5021;1
5022;10
5023;0
5024;4
5025;5
5026;9
5027;1
5028;8
5029;9
5030;5
5031;4
5032;5
5033;3
5034;0
5035;1
5036;5
5037;6
5038;1
5039;8
5040;11
5041;4
5042;11
5043;4
5044;1
5045;6
5046;0
5047;9
5048;1
5049;10
5050;8
5051;3
5052;6
5053;11
5054;10
5055;9
5056;10
5057;10
5058;7
5059;6
5060;12
5061;6
5062;5
5063;1
5064;9
5065;2
5066;4
5067;2
5068;3
5069;5
5070;0
5071;5
5072;10
5073;0
5074;0
5075;12
5076;11
5077;9
5078;7
5079;7
5080;5
5081;2
5082;7
5083;0
5084;7
5085;1
5086;1
5087;12
5088;11
5089;7
5090;4
5091;12
5092;7
5093;10
5094;2
5095;11
5096;11
5097;9
5098;9
5099;5
5100;5
5101;2
5102;10
5103;2
5104;7
5105;4
5106;8
5107;9
5108;4
5109;8
5110;5
5111;4
5112;10
5113;8
5114;7
5115;5
5116;11
5117;8
5118;9
5119;2
5120;9
5121;7
5122;11
5123;5
5124;1
5125;12
5126;3
5127;12
5128;8
5129;3
5130;8
5131;12
5132;6
5133;8
5134;6
5135;0
5136;10
5137;4
5138;2
5139;8
5140;1
5141;5
5142;5
5143;10
5144;12
5145;1
5146;1
5147;10
5148;5
5149;9
5150;3
5151;2
5152;1
5153;9
5154;0
5155;12
5156;3
5157;2
5158;5
5159;9
5160;5
5161;0
5162;9
5163;12
5164;12
5165;10
5166;0
5167;7
5168;11
5169;8
5170;8
5171;6
5172;11
5173;11
5174;2
5175;6
5176;10
5177;4
5178;4
5179;9
5180;7
5181;1
5182;12
5183;3
5184;11
5185;0
5186;3
5187;1
5188;7
5189;7
5190;1
5191;10
5192;0
5193;1
5194;4
5195;5
5196;12
5197;4
5198;2
5199;4
5200;1
5201;8
5202;1
5203;1
5204;6
5205;8
5206;6
5207;2
5208;11
5209;9
5210;10
5211;9
5212;11
5213;1
5214;1
5215;0
5216;2
5217;6
5218;2
5219;5
5220;7
5221;3
5222;2
5223;5
5224;3
5225;1
5226;3
5227;6
5228;12
5229;8
5230;11
5231;3
5232;0
5233;10
5234;11
5235;6
5236;7
5237;6
5238;4
5239;2
5240;4
5241;4
5242;7
5243;6
5244;9
5245;6
5246;12
5247;11
5248;7
5249;10
5250;3
5251;6
5252;8
5253;8
5254;12
5255;3
5256;12
5257;8
5258;11
5259;4
5260;3
5261;11
5262;10
5263;4
5264;10
5265;6
5266;4
5267;1
5268;6
5269;6
5270;12
5271;12
5272;7
5273;1
5274;10
5275;10
5276;8
5277;8
5278;0
5279;4
5280;10
5281;2
5282;3
5283;5
5284;5
5285;7
5286;10
5287;3
5288;7
5289;8
5290;3
5291;1
5292;5
5293;5
5294;3
5295;4
5296;0
5297;2
5298;4
5299;3
5300;1
5301;0
5302;10
5303;2
5304;4
5305;10
5306;7
5307;10
5308;10
5309;11
5310;6
5311;1
5312;2
5313;8
5314;7
5315;11
5316;11
5317;7
5318;3
5319;1
5320;4
5321;4
5322;3
5323;0
5324;8
5325;5
5326;1
5327;6
5328;3
5329;8
5330;1
5331;12
5332;3
5333;6
5334;0
5335;4
5336;0
5337;4
5338;9
5339;12
5340;8
5341;9
5342;0
5343;1
5344;8
5345;8
5346;10
5347;6
5348;11
5349;6
5350;5
5351;3
5352;11
5353;10
5354;7
5355;3
5356;12
5357;6
5358;11
5359;11
5360;3
5361;5
5362;10
5363;2
5364;7
5365;12
5366;0
5367;9
5368;7
5369;1
5370;8
5371;5
5372;2
5373;10
5374;11
5375;9
5376;5
5377;9
5378;5
5379;7
5380;1
5381;1
5382;11
5383;4
5384;12
5385;9
5386;6
5387;10
5388;2
5389;9
5390;8
5391;12
5392;5
5393;0
5394;4
5395;2
5396;7
5397;7
5398;5
5399;9
5400;6
5401;12
5402;10
5403;4
5404;12
5405;4
5406;8
5407;0
5408;11
5409;7
5410;3
5411;10
5412;2
5413;4
5414;5
5415;12
5416;7
5417;9
5418;8
5419;7
5420;2
5421;6
5422;1
5423;11
5424;10
5425;9
5426;0
5427;8
5428;3
5429;6
5430;7
5431;6
5432;6
5433;5
5434;7
5435;6
5436;5
5437;1
5438;5
5439;7
5440;2
5441;4
5442;9
5443;10
5444;4
5445;5
5446;3
5447;3
5448;7
5449;11
5450;2
5451;9
5452;3
5453;6
5454;1
5455;9
5456;4
5457;10
5458;1
5459;0
5460;6
5461;4
5462;3
5463;6
5464;2
5465;1
5466;3
5467;4
5468;12
5469;6
5470;12
5471;8
5472;0
5473;3
5474;3
5475;10
5476;7
5477;10
5478;7
5479;5
5480;12
5481;5
5482;3
5483;2
5484;9
5485;4
5486;12
5487;7
5488;2
5489;5
5490;11
5491;11
5492;4
5493;10
5494;10
5495;6
5496;11
5497;3
5498;10
5499;3
5500;2
5501;11
5502;7
5503;0
5504;2
5505;6
5506;9
5507;6
5508;6
5509;11
5510;8
5511;4
5512;0
5513;4
5514;9
5515;7
5516;11
5517;11
5518;6
5519;8
5520;8
5521;11
5522;5
5523;12
5524;0
5525;12
5526;6
5527;10
5528;2
5529;10
5530;0
5531;7
5532;1
5533;7
5534;7
5535;6
5536;0
5537;11
5538;2
5539;1
5540;4
5541;0
5542;10
5543;4
5544;5
5545;12
5546;4
5547;1
5548;8
5549;6
5550;5
5551;6
5552;5
5553;12
5554;3
5555;4
5556;0
5557;8
5558;1
5559;8
5560;8
5561;9
5562;0
5563;2
5564;11
5565;11
5566;2
5567;1
5568;8
5569;10
5570;3
5571;1
5572;9
5573;4
5574;0
5575;5
5576;7
5577;6
5578;0
5579;10
5580;10
5581;3
5582;11
5583;1
5584;4
5585;5
5586;0
5587;9
5588;1
5589;3
5590;11
5591;8
5592;9
5593;12
5594;9
5595;4
5596;3
5597;12
5598;8
5599;12
5600;3
5601;11
5602;9
5603;7
5604;11
5605;0
5606;11
5607;11
5608;6
5609;10
5610;7
5611;11
5612;1
5613;10
5614;11
5615;9
5616;8
5617;0
5618;6
5619;9
5620;1
5621;12
5622;4
5623;12
5624;7
5625;2
5626;3
5627;1
5628;2
5629;5
5630;7
5631;8
5632;11
5633;5
5634;4
5635;8
5636;7
5637;7
5638;7
5639;11
5640;2
5641;2
5642;11
5643;11
5644;8
5645;3
5646;5
5647;5
5648;1
5649;3
5650;2
5651;11
5652;1
5653;0
5654;1
5655;6
5656;0
5657;2
5658;2
5659;7
5660;2
5661;11
5662;10
5663;5
5664;6
5665;7
5666;4
5667;0
5668;12
5669;7
5670;11
5671;2
5672;6
5673;7
5674;6
5675;3
5676;4
5677;9
5678;5
5679;1
5680;9
5681;2
5682;2
5683;12
5684;5
5685;0
5686;9
5687;11
5688;9
5689;2
5690;10
5691;5
5692;2
5693;3
5694;9
5695;5
5696;9
5697;12
5698;6
5699;5
5700;10
5701;10
5702;11
5703;11
5704;0
5705;1
5706;5
5707;8
5708;12
5709;3
5710;0
5711;5
5712;4
5713;2
5714;9
5715;11
5716;4
5717;1
5718;8
5719;12
5720;11
5721;10
5722;6
5723;11
5724;8
5725;9
5726;9
5727;3
5728;4
5729;1
5730;3
5731;1
5732;5
5733;7
5734;2
5735;6
5736;12
5737;9
5738;1
5739;9
5740;12
5741;7
5742;6
5743;7
5744;6
5745;8
5746;1
5747;10
5748;0
5749;12
5750;3
5751;9
5752;4
5753;10
5754;1
5755;4
5756;0
5757;4
5758;0
5759;10
5760;7
5761;7
5762;3
5763;0
5764;7
5765;8
5766;1
5767;1
5768;3
5769;0
5770;2
5771;12
5772;4
5773;2
5774;0
5775;3
5776;6
5777;12
5778;5
5779;3
5780;7
5781;5
5782;0
5783;12
5784;4
5785;2
5786;8
5787;6
5788;4
5789;0
5790;6
5791;5
5792;5
5793;9
5794;5
5795;4
5796;7
5797;1
5798;5
5799;12
5800;9
5801;4
5802;0
5803;4
5804;5
5805;9
5806;0
5807;12
5808;9
5809;6
5810;9
5811;9
5812;6
5813;8
5814;11
5815;2
5816;5
5817;2
5818;9
5819;7
5820;11
5821;1
5822;11
5823;12
5824;11
5825;10
5826;7
5827;6
5828;6
5829;3
5830;10
5831;10
5832;0
5833;7
5834;6
5835;1
5836;0
5837;1
5838;9
5839;10
5840;3
5841;1
5842;2
5843;10
5844;7
5845;12
5846;2
5847;4
5848;11
5849;5
5850;4
5851;0
5852;11
5853;6
5854;2
5855;9
5856;2
5857;11
5858;4
5859;5
5860;2
5861;1
5862;9
5863;0
5864;7
5865;5
5866;2
5867;0
5868;9
5869;4
5870;11
5871;11
5872;6
5873;4
5874;0
5875;10
5876;2
5877;7
5878;6
5879;0
5880;0
5881;6
5882;1
5883;6
5884;12
5885;5
5886;10
5887;2
5888;5
5889;4
5890;0
5891;8
5892;1
5893;10
5894;8
5895;4
5896;5
5897;7
5898;7
5899;4
5900;10
5901;3
5902;0
5903;0
5904;7
5905;0
5906;0
5907;5
5908;7
5909;11
5910;7
5911;8
5912;5
5913;2
5914;2
5915;5
5916;10
5917;10
5918;8
5919;3
5920;5
5921;9
5922;9
5923;11
5924;4
5925;8
5926;11
5927;6
5928;6
5929;10
5930;0
5931;7
5932;4
5933;11
5934;3
5935;2
5936;0
5937;8
5938;7
5939;3
5940;5
5941;7
5942;1
5943;7
5944;2
5945;0
5946;12
5947;4
5948;8
5949;0
5950;8
5951;0
5952;2
5953;3
5954;5
5955;2
5956;9
5957;2
5958;11
5959;3
5960;10
5961;4
5962;3
5963;1
5964;1
5965;6
5966;0
5967;6
5968;11
5969;10
5970;2
5971;7
5972;0
5973;6
5974;8
5975;4
5976;1
5977;8
5978;7
5979;4
5980;10
5981;0
5982;6
5983;6
5984;8
5985;1
5986;10
5987;8
5988;5
5989;4
5990;3
5991;12
5992;4
5993;10
5994;10
5995;0
5996;4
5997;5
5998;1
5999;10
6000;0
6001;11
6002;0
6003;11
6004;2
6005;12
6006;9
6007;6
6008;0
6009;10
6010;8
6011;1
6012;9
6013;10
6014;4
6015;8
6016;5
6017;9
6018;11
6019;10
6020;0
6021;4
6022;11
6023;4
6024;1
6025;6
6026;3
6027;4
6028;5
6029;1
6030;6
6031;7
6032;3
6033;11
6034;5
6035;3
6036;2
6037;0
6038;11
6039;1
6040;5
6041;9
6042;6
6043;7
6044;1
6045;0
6046;12
6047;3
6048;9
6049;9
6050;5
6051;8
6052;9
6053;6
6054;10
6055;11
6056;5
6057;6
6058;0
6059;0
6060;9
6061;2
6062;9
6063;9
6064;2
6065;4
6066;1
6067;1
6068;3
6069;3
6070;8
6071;4
6072;7
6073;5
6074;12
6075;10
6076;10
6077;7
6078;12
6079;11
6080;10
6081;9
6082;11
6083;6
6084;3
6085;9
6086;10
6087;5
6088;8
6089;7
6090;7
6091;7
6092;12
6093;8
6094;1
6095;9
6096;0
6097;10
6098;12
6099;1
6100;5
6101;3
6102;8
6103;6
6104;0
6105;3
6106;11
6107;4
6108;7
6109;0
6110;0
6111;9
6112;10
6113;8
6114;6
6115;10
6116;1
6117;3
6118;3
6119;9
6120;1
6121;11
6122;10
6123;4
6124;3
6125;10
6126;8
6127;5
6128;11
6129;5
6130;7
6131;2
6132;8
6133;8
6134;0
6135;6
6136;10
6137;4
6138;7
6139;7
6140;7
6141;5
6142;9
6143;11
6144;5
6145;2
6146;9
6147;0
6148;8
6149;1
6150;5
6151;0
6152;10
6153;4
6154;6
6155;7
6156;4
6157;10
6158;5
6159;10
6160;11
6161;1
6162;5
6163;8
6164;0
6165;5
6166;2
6167;6
6168;10
6169;5
6170;2
6171;6
6172;5
6173;2
6174;10
6175;4
6176;2
6177;7
6178;4
6179;8
6180;6
6181;10
6182;3
6183;0
6184;9
6185;7
6186;9
6187;7
6188;0
6189;4
6190;4
6191;4
6192;4
6193;12
6194;6
6195;7
6196;0
6197;8
6198;3
6199;3
6200;7
6201;1
6202;6
6203;1
6204;3
6205;8
6206;4
6207;1
6208;6
6209;3
6210;8
6211;12
6212;2
6213;3
6214;10
6215;6
6216;0
6217;2
6218;10
6219;8
6220;10
6221;7
6222;0
6223;8
6224;5
6225;11
6226;10
6227;7
6228;10
6229;4
6230;3
6231;11
6232;11
6233;4
6234;4
6235;5
6236;12
6237;11
6238;4
6239;10
6240;1
6241;2
6242;0
6243;1
6244;0
6245;1
6246;7
6247;5
6248;11
6249;7
6250;5
6251;2
6252;5
6253;6
6254;3
6255;1
6256;6
6257;7
6258;11
6259;10
6260;8
6261;0
6262;10
6263;6
6264;5
6265;5
6266;11
6267;1
6268;4
6269;0
6270;8
6271;6
6272;9
6273;9
6274;8
6275;8
6276;9
6277;5
6278;0
6279;11
6280;6
6281;5
6282;12
6283;4
6284;7
6285;10
6286;5
6287;2
6288;2
6289;7
6290;8
6291;8
6292;2
6293;3
6294;0
6295;11
6296;9
6297;11
6298;12
6299;8
6300;6
6301;6
6302;0
6303;11
6304;0
6305;4
6306;1
6307;0
6308;10
6309;11
6310;0
6311;2
6312;11
6313;12
6314;10
6315;11
6316;7
6317;3
6318;3
6319;7
6320;4
6321;10
6322;4
6323;6
6324;11
6325;3
6326;4
6327;2
6328;2
6329;11
6330;4
6331;12
6332;6
6333;7
6334;6
6335;11
6336;7
6337;7
6338;8
6339;7
6340;6
6341;5
6342;6
6343;3
6344;5
6345;7
6346;6
6347;8
6348;9
6349;10
6350;11
6351;9
6352;10
6353;1
6354;2
6355;1
6356;5
6357;10
6358;3
6359;6
6360;10
6361;2
6362;0
6363;3
6364;12
6365;6
6366;12
6367;11
6368;9
6369;4
6370;10
6371;7
6372;2
6373;2
6374;11
6375;6
6376;7
6377;0
6378;1
6379;4
6380;8
6381;5
6382;3
6383;5
6384;2
6385;3
6386;3
6387;6
6388;5
6389;0
6390;0
6391;8
6392;0
6393;8
6394;3
6395;8
6396;10
6397;0
6398;7
6399;2
6400;10
6401;0
6402;6
6403;9
6404;11
6405;1
6406;9
6407;0
6408;3
6409;11
6410;11
6411;5
6412;1
6413;10
6414;1
6415;5
6416;12
6417;1
6418;10
6419;10
6420;3
6421;4
6422;9
6423;0
6424;6
6425;7
6426;0
6427;12
6428;3
6429;10
6430;5
6431;9
6432;0
6433;4
6434;0
6435;3
6436;10
6437;4
6438;4
6439;10
6440;4
6441;8
6442;3
6443;0
6444;2
6445;4
6446;4
6447;6
6448;10
6449;7
6450;3
6451;12
6452;5
6453;11
6454;6
6455;10
6456;7
6457;2
6458;1
6459;8
6460;11
6461;8
6462;9
6463;8
6464;5
6465;8
6466;12
6467;1
6468;12
6469;11
6470;4
6471;12
6472;5
6473;1
6474;3
6475;6
6476;2
6477;9
6478;4
6479;5
6480;5
6481;5
6482;0
6483;2
6484;0
6485;3
6486;2
6487;3
6488;7
6489;0
6490;9
6491;0
6492;7
6493;8
6494;10
6495;2
6496;6
6497;12
6498;10
6499;4
6500;6
6501;3
6502;10
6503;12
6504;9
6505;11
6506;6
6507;1
6508;1
6509;8
6510;5
6511;0
6512;12
6513;2
6514;5
6515;3
6516;5
6517;8
6518;4
6519;4
6520;5
6521;0
6522;1
6523;0
6524;1
6525;6
6526;4
6527;3
6528;9
6529;1
6530;11
6531;4
6532;2
6533;10
6534;10
6535;6
6536;11
6537;9
6538;10
6539;6
6540;3
6541;8
6542;6
6543;7
6544;1
6545;0
6546;10
6547;6
6548;2
6549;3
6550;1
6551;5
6552;3
6553;4
6554;12
6555;2
6556;6
6557;6
6558;2
6559;6
6560;6
6561;2
6562;0
6563;8
6564;7
6565;9
6566;10
6567;9
6568;5
6569;5
6570;4
6571;4
6572;4
6573;2
6574;10
6575;4
6576;10
6577;3
6578;4
6579;4
6580;7
6581;0
6582;11
6583;0
6584;4
6585;6
6586;4
6587;11
6588;1
6589;8
6590;1
6591;3
6592;9
6593;6
6594;11
6595;10
6596;7
6597;0
6598;4
6599;10
6600;6
6601;1
6602;11
6603;6
6604;5
6605;8
6606;0
6607;1
6608;2
6609;1
6610;8
6611;0
6612;1
6613;11
6614;12
6615;3
6616;11
6617;12
6618;4
6619;0
6620;6
6621;2
6622;7
6623;7
6624;9
6625;1
6626;2
6627;10
6628;4
6629;10
6630;3
6631;0
6632;4
6633;10
6634;6
6635;7
6636;3
6637;3
6638;5
6639;10
6640;9
6641;8
6642;9
6643;6
6644;11
6645;3
6646;1
6647;4
6648;5
6649;1
6650;0
6651;10
6652;2
6653;4
6654;11
6655;6
6656;8
6657;1
6658;8
6659;11
6660;2
6661;12
6662;3
6663;3
6664;8
6665;12
6666;7
6667;0
6668;12
6669;7
6670;1
6671;3
6672;3
6673;0
6674;11
6675;7
6676;9
6677;2
6678;8
6679;7
6680;10
6681;10
6682;12
6683;5
6684;11
6685;12
6686;2
6687;0
6688;5
6689;10
6690;7
6691;11
6692;10
6693;5
6694;4
6695;0
6696;6
6697;0
6698;5
6699;7
6700;9
6701;12
6702;12
6703;12
6704;7
6705;4
6706;3
6707;11
6708;11
6709;11
6710;6
6711;9
6712;9
6713;11
6714;6
6715;8
6716;11
6717;12
6718;12
6719;3
6720;6
6721;10
6722;10
6723;1
6724;10
6725;1
6726;1
6727;6
6728;11
6729;0
6730;10
6731;8
6732;10
6733;8
6734;6
6735;11
6736;1
6737;5
6738;1
6739;0
6740;1
6741;9
6742;8
6743;5
6744;10
6745;2
6746;1
6747;2
6748;5
6749;0
6750;9
6751;3
6752;0
6753;8
6754;6
6755;6
6756;1
6757;3
6758;11
6759;4
6760;11
6761;7
6762;1
6763;1
6764;12
6765;9
6766;0
6767;10
6768;5
6769;8
6770;0
6771;0
6772;11
6773;8
6774;2
6775;11
6776;11
6777;0
6778;12
6779;4
6780;2
6781;5
6782;8
6783;1
6784;2
6785;4
6786;7
6787;8
6788;3
6789;9
6790;3
6791;5
6792;7
6793;10
6794;6
6795;3
6796;11
6797;7
6798;10
6799;0
6800;7
6801;9
6802;3
6803;12
6804;9
6805;4
6806;0
6807;10
6808;7
6809;12
6810;1
6811;1
6812;9
6813;1
6814;3
6815;10
6816;5
6817;9
6818;6
6819;10
6820;6
6821;8
6822;1
6823;7
6824;3
6825;9
6826;7
6827;11
6828;0
6829;0
6830;0
6831;9
6832;2
6833;0
6834;1
6835;10
6836;8
6837;0
6838;10
6839;5
6840;10
6841;7
6842;12
6843;11
6844;11
6845;5
6846;7
6847;12
6848;5
6849;9
6850;6
6851;6
6852;1
6853;2
6854;9
6855;5
6856;4
6857;3
6858;1
6859;11
6860;0
6861;2
6862;5
6863;6
6864;0
6865;0
6866;7
6867;12
6868;4
6869;3
6870;6
6871;0
6872;11
6873;9
6874;0
6875;9
6876;5
6877;0
6878;10
6879;2
6880;0
6881;9
6882;5
6883;9
6884;3
6885;8
6886;0
6887;11
6888;2
6889;8
6890;12
6891;6
6892;12
6893;0
6894;4
6895;12
6896;2
6897;3
6898;8
6899;2
6900;1
6901;7
6902;10
6903;10
6904;10
6905;0
6906;2
6907;9
6908;2
6909;7
6910;11
6911;11
6912;8
6913;4
6914;8
6915;1
6916;0
6917;7
6918;8
6919;9
6920;3
6921;10
6922;3
6923;7
6924;3
6925;5
6926;0
6927;11
6928;0
6929;8
6930;8
6931;1
6932;0
6933;11
6934;1
6935;5
6936;1
6937;2
6938;10
6939;10
6940;3
6941;7
6942;5
6943;2
6944;2
6945;8
6946;2
6947;5
6948;5
6949;4
6950;3
6951;5
6952;5
6953;4
6954;2
6955;11
6956;11
6957;5
6958;11
6959;8
6960;12
6961;11
6962;3
6963;11
6964;10
6965;11
6966;9
6967;0
6968;11
6969;10
6970;6
6971;6
6972;12
6973;8
6974;2
6975;7
6976;0
6977;1
6978;10
6979;3
6980;9
6981;12
6982;12
6983;6
6984;11
6985;6
6986;6
6987;10
6988;2
6989;12
6990;10
6991;1
6992;1
6993;10
6994;3
6995;4
6996;12
6997;2
6998;3
6999;5
7000;12
7001;11
7002;5
7003;9
7004;4
7005;12
7006;0
7007;9
7008;0
7009;1
7010;6
7011;12
7012;10
7013;10
7014;4
7015;5
7016;7
7017;3
7018;8
7019;10
7020;6
7021;3
7022;1
7023;3
7024;5
7025;4
7026;6
7027;10
7028;2
7029;12
7030;2
7031;6
7032;10
7033;3
7034;11
7035;8
7036;8
7037;0
7038;3
7039;4
7040;11
7041;7
7042;9
7043;5
7044;4
7045;10
7046;9
7047;6
7048;11
7049;8
7050;5
7051;7
7052;3
7053;11
7054;3
7055;2
7056;1
7057;5
7058;9
7059;8
7060;4
7061;6
7062;4
7063;8
7064;4
7065;0
7066;1
7067;12
7068;5
7069;7
7070;9
7071;8
7072;4
7073;11
7074;5
7075;1
7076;6
7077;8
7078;3
7079;0
7080;11
7081;11
7082;12
7083;2
7084;5
7085;5
7086;5
7087;2
7088;10
7089;5
7090;1
7091;10
7092;5
7093;2
7094;2
7095;5
7096;0
7097;0
7098;1
7099;2
7100;5
7101;9
7102;4
7103;4
7104;6
7105;0
7106;0
7107;8
7108;5
7109;7
7110;3
7111;9
7112;11
7113;2
7114;0
7115;0
7116;6
7117;7
7118;1
7119;3
7120;6
7121;3
7122;3
7123;6
7124;11
7125;4
7126;7
7127;3
7128;10
7129;6
7130;7
7131;1
7132;8
7133;6
7134;11
7135;3
7136;3
7137;10
7138;9
7139;12
7140;10
7141;11
7142;6
7143;0
7144;11
7145;0
7146;10
7147;8
7148;7
7149;5
7150;5
7151;4
7152;1
7153;4
7154;7
7155;10
7156;2
7157;4
7158;3
7159;3
7160;2
7161;8
7162;6
7163;9
7164;1
7165;3
7166;8
7167;0
7168;1
7169;10
7170;4
7171;3
7172;7
7173;7
7174;7
7175;2
7176;11
7177;6
7178;11
7179;9
7180;7
7181;5
7182;9
7183;7
7184;1
7185;0
7186;8
7187;6
7188;9
7189;3
7190;2
7191;8
7192;3
7193;2
7194;3
7195;12
7196;10
7197;8
7198;3
7199;2
7200;1
7201;11
7202;0
7203;2
7204;1
7205;6
7206;8
7207;11
7208;11
7209;9
7210;9
7211;10
7212;7
7213;10
7214;0
7215;12
7216;2
7217;6
7218;6
7219;11
7220;8
7221;2
7222;11
7223;7
7224;9
7225;3
7226;1
7227;6
7228;9
7229;8
7230;11
7231;6
7232;6
7233;6
7234;0
7235;3
7236;9
7237;1
7238;6
7239;10
7240;5
7241;9
7242;0
7243;6
7244;4
7245;3
7246;5
7247;9
7248;4
7249;3
7250;2
7251;6
7252;2
7253;11
7254;5
7255;7
7256;2
7257;1
7258;7
7259;7
7260;9
7261;12
7262;4
7263;10
7264;12
7265;7
7266;1
7267;3
7268;4
7269;8
7270;6
7271;5
7272;6
7273;4
7274;3
7275;9
7276;9
7277;3
7278;6
7279;4
7280;1
7281;12
7282;10
7283;1
7284;5
7285;6
7286;4
7287;7
7288;5
7289;1
7290;3
7291;2
7292;1
7293;4
7294;10
7295;0
7296;5
7297;7
7298;11
7299;6
7300;10
7301;4
7302;4
7303;5
7304;10
7305;4
7306;1
7307;11
7308;9
7309;0
7310;4
7311;12
7312;10
7313;9
7314;4
7315;10
7316;5
7317;9
7318;8
7319;1
7320;4
7321;10
7322;9
7323;11
7324;11
7325;4
7326;0
7327;5
7328;11
7329;5
7330;7
7331;6
7332;12
7333;9
7334;9
7335;1
7336;10
7337;5
7338;6
7339;9
7340;11
7341;12
7342;9
7343;7
7344;11
7345;1
7346;7
7347;8
7348;7
7349;4
7350;8
7351;2
7352;0
7353;10
7354;7
7355;3
7356;10
7357;3
7358;1
7359;8
7360;1
7361;5
7362;4
7363;6
7364;4
7365;7
7366;0
7367;2
7368;8
7369;0
7370;6
7371;4
7372;1
7373;3
7374;1
7375;7
7376;5
7377;0
7378;10
7379;4
7380;0
7381;3
7382;2
7383;0
7384;12
7385;7
7386;1
7387;4
7388;9
7389;0
7390;2
7391;1
7392;9
7393;10
7394;3
7395;4
7396;2
7397;5
7398;4
7399;10
7400;4
7401;8
7402;8
7403;0
7404;2
7405;3
7406;6
7407;12
7408;3
7409;9
7410;1
7411;9
7412;10
7413;0
7414;4
7415;10
7416;3
7417;5
7418;12
7419;11
7420;2
7421;4
7422;5
7423;1
7424;1
7425;12
7426;1
7427;7
7428;0
7429;0
7430;11
7431;11
7432;11
7433;8
7434;4
7435;5
7436;1
7437;3
7438;1
7439;1
7440;3
7441;7
7442;7
7443;10
7444;4
7445;2
7446;7
7447;7
7448;1
7449;10
7450;6
7451;6
7452;11
7453;2
7454;11
7455;11
7456;8
7457;10
7458;3
7459;4
7460;10
7461;0
7462;7
7463;11
7464;6
7465;10
7466;6
7467;11
7468;4
7469;2
7470;9
7471;3
7472;7
7473;10
7474;8
7475;8
7476;5
7477;7
7478;8
7479;11
7480;9
7481;2
7482;7
7483;5
7484;4
7485;12
7486;9
7487;6
7488;12
7489;11
7490;5
7491;6
7492;5
7493;3
7494;9
7495;6
7496;1
7497;9
7498;9
7499;9
7500;1
7501;3
7502;11
7503;4
7504;4
7505;9
7506;4
7507;9
7508;6
7509;6
7510;5
7511;1
7512;0
7513;11
7514;3
7515;8
7516;5
7517;8
7518;11
7519;11
7520;10
7521;11
7522;11
7523;1
7524;4
7525;8
7526;3
7527;0
7528;4
7529;3
7530;0
7531;11
7532;6
7533;6
7534;2
7535;9
7536;5
7537;12
7538;2
7539;2
7540;2
7541;3
7542;11
7543;7
7544;3
7545;3
7546;2
7547;7
7548;4
7549;10
7550;2
7551;11
7552;3
7553;1
7554;7
7555;1
7556;4
7557;4
7558;7
7559;8
7560;3
7561;11
7562;0
7563;11
7564;12
7565;8
7566;3
7567;10
7568;4
7569;9
7570;8
7571;7
7572;12
7573;8
7574;4
7575;9
7576;2
7577;1
7578;10
7579;7
7580;5
7581;0
7582;4
7583;4
7584;6
7585;11
7586;10
7587;7
7588;8
7589;1
7590;5
7591;12
7592;2
7593;5
7594;10
7595;8
7596;5
7597;5
7598;3
7599;6
7600;11
7601;2
7602;6
7603;3
7604;7
7605;12
7606;0
7607;4
7608;7
7609;5
7610;8
7611;4
7612;10
7613;2
7614;0
7615;7
7616;4
7617;8
7618;9
7619;0
7620;3
7621;11
7622;10
7623;3
7624;4
7625;6
7626;9
7627;1
7628;5
7629;9
7630;3
7631;3
7632;3
7633;1
7634;2
7635;6
7636;9
7637;10
7638;11
7639;5
7640;10
7641;6
7642;12
7643;1
7644;11
7645;1
7646;10
7647;12
7648;12
7649;1
7650;2
7651;2
7652;3
7653;10
7654;12
7655;9
7656;3
7657;7
7658;1
7659;7
7660;12
7661;5
7662;8
7663;9
7664;3
7665;1
7666;6
7667;2
7668;0
7669;12
7670;11
7671;9
7672;6
7673;6
7674;9
7675;10
7676;0
7677;4
7678;7
7679;0
7680;3
7681;5
7682;1
7683;11
7684;0
7685;2
7686;10
7687;2
7688;9
7689;8
7690;7
7691;3
7692;9
7693;0
7694;1
7695;11
7696;2
7697;9
7698;10
7699;1
7700;8
7701;2
7702;4
7703;9
7704;2
7705;11
7706;8
7707;0
7708;10
7709;9
7710;1
7711;1
7712;2
7713;9
7714;3
7715;9
7716;4
7717;4
7718;6
7719;0
7720;2
7721;11
7722;0
7723;10
7724;2
7725;0
7726;1
7727;8
7728;7
7729;4
7730;0
7731;2
7732;4
7733;7
7734;9
7735;5
7736;10
7737;9
7738;5
7739;8
7740;8
7741;12
7742;2
7743;9
7744;7
7745;2
7746;7
7747;3
7748;2
7749;8
7750;11
7751;6
7752;7
7753;7
7754;6
7755;8
7756;9
7757;1
7758;4
7759;11
7760;11
7761;3
7762;1
7763;9
7764;9
7765;2
7766;7
7767;10
7768;11
7769;7
7770;11
7771;2
7772;9
7773;9
7774;5
7775;9
7776;5
7777;8
7778;4
7779;4
7780;6
7781;9
7782;4
7783;4
7784;8
7785;12
7786;12
7787;9
7788;6
7789;11
7790;4
7791;1
7792;6
7793;1
7794;9
7795;9
7796;10
7797;9
7798;3
7799;6
7800;8
7801;5
7802;8
7803;11
7804;10
7805;2
7806;11
7807;5
7808;10
7809;0
7810;9
7811;6
7812;7
7813;2
7814;10
7815;9
7816;2
7817;11
7818;8
7819;5
7820;8
7821;11
7822;1
7823;1
7824;1
7825;4
7826;11
7827;8
7828;5
7829;1
7830;0
7831;7
7832;6
7833;12
7834;6
7835;0
7836;0
7837;12
7838;2
7839;1
7840;7
7841;7
7842;8
7843;6
7844;10
7845;3
7846;2
7847;10
7848;7
7849;3
7850;3
7851;4
7852;9
7853;4
7854;8
7855;11
7856;3
7857;7
7858;5
7859;4
7860;4
7861;11
7862;5
7863;11
7864;0
7865;2
7866;3
7867;7
7868;9
7869;3
7870;3
7871;4
7872;1
7873;3
7874;8
7875;10
7876;0
7877;0
7878;3
7879;10
7880;5
7881;9
7882;1
7883;1
7884;9
7885;5
7886;9
7887;1
7888;4
7889;2
7890;9
7891;8
7892;5
7893;0
7894;4
7895;7
7896;4
7897;11
7898;0
7899;4
7900;7
7901;0
7902;3
7903;3
7904;5
7905;2
7906;10
7907;7
7908;10
7909;10
7910;9
7911;7
7912;3
7913;10
7914;11
7915;11
7916;5
7917;10
7918;7
7919;11
7920;10
7921;7
7922;8
7923;7
7924;9
7925;5
7926;9
7927;4
7928;9
7929;12
7930;6
7931;6
7932;9
7933;2
7934;8
7935;6
7936;2
7937;12
7938;5
7939;3
7940;10
7941;5
7942;7
7943;9
7944;12
7945;2
7946;3
7947;5
7948;9
7949;11
7950;6
7951;3
7952;2
7953;5
7954;8
7955;9
7956;12
7957;11
7958;10
7959;4
7960;8
7961;7
7962;12
7963;6
7964;3
7965;9
7966;12
7967;4
7968;9
7969;0
7970;10
7971;3
7972;8
7973;6
7974;11
7975;3
7976;9
7977;2
7978;12
7979;3
7980;10
7981;10
7982;11
7983;5
7984;0
7985;1
7986;7
7987;8
7988;2
7989;3
7990;8
7991;5
7992;0
7993;1
7994;9
7995;3
7996;7
7997;12
7998;9
7999;6
8000;3
8001;7
8002;11
8003;12
8004;2
8005;7
8006;8
8007;8
8008;10
8009;5
8010;11
8011;5
8012;2
8013;7
8014;4
8015;6
8016;9
8017;0
8018;7
8019;1
8020;11
8021;7
8022;10
8023;2
8024;3
8025;0
8026;8
8027;8
8028;3
8029;12
8030;8
8031;3
8032;4
8033;11
8034;10
8035;8
8036;3
8037;8
8038;4
8039;4
8040;0
8041;0
8042;9
8043;11
8044;2
8045;2
8046;9
8047;7
8048;6
8049;3
8050;4
8051;7
8052;9
8053;5
8054;7
8055;5
8056;5
8057;8
8058;9
8059;3
8060;11
8061;11
8062;1
8063;6
8064;3
8065;11
8066;9
8067;3
8068;0
8069;12
8070;12
8071;11
8072;3
8073;4
8074;12
8075;0
8076;0
8077;2
8078;9
8079;1
8080;10
8081;3
8082;10
8083;10
8084;6
8085;5
8086;7
8087;4
8088;4
8089;10
8090;2
8091;8
8092;12
8093;5
8094;7
8095;1
8096;4
8097;5
8098;12
8099;1
8100;10
8101;1
8102;6
8103;12
8104;3
8105;9
8106;11
8107;9
8108;2
8109;10
8110;11
8111;5
8112;4
8113;1
8114;2
8115;8
8116;6
8117;11
8118;11
8119;10
8120;2
8121;12
8122;2
8123;6
8124;2
8125;9
8126;8
8127;11
8128;12
8129;3
8130;5
8131;9
8132;10
8133;8
8134;4
8135;1
8136;4
8137;7
8138;11
8139;10
8140;4
8141;5
8142;9
8143;10
8144;4
8145;12
8146;4
8147;8
8148;8
8149;9
8150;2
8151;9
8152;7
8153;11
8154;1
8155;9
8156;3
8157;10
8158;4
8159;11
8160;4
8161;7
8162;0
8163;1
8164;8
8165;11
8166;8
8167;11
8168;3
8169;1
8170;7
8171;6
8172;5
8173;6
8174;0
8175;9
8176;7
8177;12
8178;8
8179;7
8180;2
8181;9
8182;2
8183;9
8184;0
8185;2
8186;8
8187;9
8188;2
8189;11
8190;7
8191;6
8192;9
8193;3
8194;0
8195;7
8196;7
8197;6
8198;5
8199;2
8200;0
8201;4
8202;11
8203;10
8204;11
8205;5
8206;3
8207;7
8208;12
8209;1
8210;0
8211;1
8212;8
8213;4
8214;9
8215;2
8216;1
8217;1
8218;10
8219;2
8220;11
8221;11
8222;3
8223;0
8224;10
8225;10
8226;7
8227;4
8228;9
8229;6
8230;0
8231;8
8232;12
8233;5
8234;2
8235;11
8236;0
8237;12
8238;9
8239;9
8240;5
8241;10
8242;9
8243;9
8244;8
8245;4
8246;1
8247;4
8248;1
8249;0
8250;9
8251;4
8252;7
8253;3
8254;3
8255;8
8256;1
8257;5
8258;11
8259;9
8260;4
8261;9
8262;10
8263;5
8264;7
8265;3
8266;8
8267;5
8268;0
8269;3
8270;11
8271;8
8272;6
8273;9
8274;6
8275;3
8276;0
8277;9
8278;8
8279;11
8280;6
8281;2
8282;10
8283;3
8284;0
8285;11
8286;12
8287;10
8288;8
8289;9
8290;6
8291;2
8292;11
8293;11
8294;10
8295;6
8296;2
8297;7
8298;9
8299;2
8300;12
8301;0
8302;3
8303;4
8304;5
8305;3
8306;2
8307;8
8308;5
8309;3
8310;8
8311;11
8312;0
8313;6
8314;7
8315;9
8316;11
8317;5
8318;11
8319;4
8320;4
8321;4
8322;4
8323;5
8324;8
8325;1
8326;3
8327;1
8328;5
8329;2
8330;2
8331;3
8332;3
8333;2
8334;0
8335;11
8336;10
8337;4
8338;9
8339;8
8340;8
8341;3
8342;9
8343;7
8344;2
8345;0
8346;10
8347;9
8348;4
8349;6
8350;9
8351;8
8352;9
8353;4
8354;4
8355;10
8356;8
8357;11
8358;4
8359;1
8360;11
8361;11
8362;4
8363;5
8364;11
8365;8
8366;9
8367;9
8368;5
8369;8
8370;2
8371;10
8372;6
8373;3
8374;12
8375;1
8376;1
8377;6
8378;4
8379;7
8380;2
8381;7
8382;7
8383;9
8384;0
8385;7
8386;2
8387;7
8388;10
8389;7
8390;12
8391;3
8392;3
8393;0
8394;12
8395;0
8396;9
8397;9
8398;3
8399;8
8400;6
8401;7
8402;8
8403;0
8404;2
8405;8
8406;10
8407;10
8408;8
8409;7
8410;4
8411;11
8412;0
8413;9
8414;5
8415;7
8416;7
8417;10
8418;9
8419;10
8420;3
8421;5
8422;10
8423;11
8424;11
8425;6
8426;7
8427;2
8428;6
8429;7
8430;7
8431;1
8432;11
8433;0
8434;3
8435;0
8436;7
8437;10
8438;3
8439;4
8440;2
8441;7
8442;0
8443;2
8444;11
8445;5
8446;6
8447;7
8448;2
8449;11
8450;4
8451;9
8452;11
8453;4
8454;9
8455;2
8456;11
8457;5
8458;0
8459;1
8460;4
8461;8
8462;8
8463;8
8464;6
8465;1
8466;9
8467;6
8468;0
8469;8
8470;2
8471;3
8472;9
8473;3
8474;6
8475;9
8476;2
8477;11
8478;9
8479;12
8480;8
8481;9
8482;0
8483;6
8484;10
8485;1
8486;2
8487;0
8488;4
8489;9
8490;12
8491;10
8492;2
8493;7
8494;0
8495;4
8496;0
8497;12
8498;5
8499;8
8500;1
8501;1
8502;2
8503;5
8504;5
8505;10
8506;9
8507;5
8508;3
8509;0
8510;3
8511;11
8512;10
8513;7
8514;2
8515;4
8516;1
8517;11
8518;6
8519;11
8520;3
8521;7
8522;3
8523;2
8524;6
8525;1
8526;5
8527;10
8528;10
8529;7
8530;7
8531;7
8532;8
8533;10
8534;0
8535;0
8536;12
8537;9
8538;12
8539;3
8540;7
8541;11
8542;8
8543;12
8544;0
8545;5
8546;3
8547;10
8548;9
8549;9
8550;6
8551;8
8552;12
8553;7
8554;0
8555;10
8556;1
8557;6
8558;8
8559;9
8560;3
8561;3
8562;8
8563;8
8564;7
8565;9
8566;5
8567;4
8568;9
8569;11
8570;12
8571;3
8572;4
8573;10
8574;1
8575;7
8576;10
8577;10
8578;11
8579;1
8580;9
8581;8
8582;6
8583;10
8584;10
8585;2
8586;11
8587;0
8588;10
8589;0
8590;5
8591;0
8592;11
8593;12
8594;1
8595;4
8596;10
8597;10
8598;9
8599;7
8600;5
8601;8
8602;3
8603;10
8604;0
8605;8
8606;3
8607;10
8608;8
8609;12
8610;10
8611;11
8612;4
8613;6
8614;7
8615;11
8616;4
8617;1
8618;11
8619;3
8620;0
8621;3
8622;5
8623;10
8624;1
8625;4
8626;9
8627;5
8628;12
8629;0
8630;1
8631;1
8632;0
8633;1
8634;11
8635;10
8636;6
8637;11
8638;10
8639;3
8640;6
8641;12
8642;9
8643;8
8644;12
8645;2
8646;3
8647;10
8648;11
8649;11
8650;10
8651;5
8652;11
8653;6
8654;6
8655;1
8656;7
8657;12
8658;9
8659;5
8660;9
8661;5
8662;7
8663;7
8664;2
8665;10
8666;4
8667;1
8668;3
8669;0
8670;12
8671;2
8672;5
8673;0
8674;4
8675;3
8676;4
8677;10
8678;9
8679;4
8680;5
8681;7
8682;3
8683;11
8684;1
8685;12
8686;2
8687;8
8688;5
8689;2
8690;4
8691;10
8692;2
8693;3
8694;10
8695;8
8696;9
8697;0
8698;1
8699;3
8700;6
8701;2
8702;10
8703;6
8704;3
8705;2
8706;4
8707;8
8708;12
8709;3
8710;5
8711;1
8712;4
8713;4
8714;1
8715;6
8716;11
8717;12
8718;2
8719;9
8720;6
8721;3
8722;2
8723;10
8724;1
8725;5
8726;9
8727;4
8728;11
8729;8
8730;12
8731;8
8732;4
8733;5
8734;8
8735;1
8736;8
8737;2
8738;10
8739;9
8740;4
8741;6
8742;7
8743;4
8744;4
8745;4
8746;9
8747;7
8748;0
8749;0
8750;4
8751;4
8752;6
8753;0
8754;6
8755;10
8756;7
8757;5
8758;5
8759;8
8760;2
8761;0
8762;8
8763;1
8764;12
8765;7
8766;10
8767;4
8768;9
8769;4
8770;12
8771;8
8772;6
8773;11
8774;5
8775;2
8776;8
8777;1
8778;11
8779;9
8780;3
8781;2
8782;4
8783;11
8784;1
8785;11
8786;0
8787;5
8788;8
8789;4
8790;11
8791;6
8792;11
8793;1
8794;4
8795;5
8796;1
8797;10
8798;0
8799;6
8800;4
8801;4
8802;12
8803;1
8804;4
8805;2
8806;11
8807;10
8808;9
8809;5
8810;9
8811;0
8812;6
8813;10
8814;9
8815;0
8816;0
8817;11
8818;0
8819;8
8820;2
8821;4
8822;6
8823;9
8824;10
8825;6
8826;4
8827;5
8828;7
8829;4
8830;2
8831;7
8832;7
8833;0
8834;0
8835;9
8836;12
8837;2
8838;5
8839;3
8840;12
8841;1
8842;8
8843;5
8844;5
8845;5
8846;8
8847;6
8848;0
8849;12
8850;5
8851;0
8852;3
8853;4
8854;6
8855;5
8856;5
8857;11
8858;5
8859;8
8860;2
8861;2
8862;11
8863;4
8864;9
8865;11
8866;7
8867;0
8868;10
8869;3
8870;4
8871;11
8872;6
8873;8
8874;8
8875;7
8876;8
8877;7
8878;10
8879;4
8880;11
8881;3
8882;11
8883;2
8884;10
8885;1
8886;5
8887;7
8888;3
8889;8
8890;11
8891;11
8892;4
8893;9
8894;11
8895;4
8896;2
8897;5
8898;10
8899;3
8900;9
8901;3
8902;2
8903;1
8904;5
8905;5
8906;8
8907;9
8908;4
8909;6
8910;3
8911;1
8912;11
8913;5
8914;6
8915;9
8916;4
8917;3
8918;5
8919;10
8920;12
8921;12
8922;11
8923;12
8924;2
8925;9
8926;11
8927;4
8928;11
8929;3
8930;11
8931;4
8932;1
8933;2
8934;3
8935;4
8936;6
8937;0
8938;0
8939;1
8940;2
8941;3
8942;2
8943;6
8944;6
8945;9
8946;6
8947;9
8948;2
8949;7
8950;2
8951;6
8952;4
8953;7
8954;4
8955;9
8956;3
8957;10
8958;2
8959;7
8960;11
8961;5
8962;9
8963;8
8964;11
8965;10
8966;5
8967;7
8968;9
8969;2
8970;4
8971;5
8972;2
8973;4
8974;6
8975;10
8976;8
8977;0
8978;0
8979;9
8980;2
8981;0
8982;4
8983;1
8984;5
8985;11
8986;9
8987;1
8988;7
8989;6
8990;0
8991;11
8992;6
8993;1
8994;11
8995;7
8996;8
8997;5
8998;9
8999;3
9000;2
9001;7
9002;9
9003;1
9004;10
9005;3
9006;9
9007;6
9008;7
9009;11
9010;11
9011;5
9012;11
9013;2
9014;7
9015;3
9016;5
9017;0
9018;2
9019;6
9020;5
9021;1
9022;2
9023;7
9024;9
9025;8
9026;2
9027;10
9028;5
9029;4
9030;6
9031;1
9032;7
9033;1
9034;1
9035;1
9036;1
9037;2
9038;5
9039;7
9040;0
9041;9
9042;1
9043;5
9044;12
9045;1
9046;4
9047;2
9048;9
9049;3
9050;3
9051;0
9052;0
9053;11
9054;11
9055;7
9056;11
9057;11
9058;1
9059;10
9060;11
9061;8
9062;7
9063;5
9064;3
9065;7
9066;10
9067;3
9068;5
9069;10
9070;8
9071;8
9072;8
9073;1
9074;8
9075;3
9076;2
9077;4
9078;11
9079;8
9080;12
9081;11
9082;8
9083;1
9084;1
9085;0
9086;10
9087;1
9088;6
9089;12
9090;1
9091;5
9092;7
9093;4
9094;10
9095;2
9096;1
9097;2
9098;6
9099;6
9100;9
9101;11
9102;1
9103;6
9104;2
9105;0
9106;5
9107;9
9108;3
9109;2
9110;9
9111;10
9112;12
9113;5
9114;5
9115;4
9116;0
9117;12
9118;6
9119;9
9120;6
9121;3
9122;7
9123;3
9124;4
9125;9
9126;10
9127;0
9128;8
9129;0
9130;6
9131;1
9132;6
9133;12
9134;0
9135;1
9136;2
9137;12
9138;3
9139;11
9140;9
9141;6
9142;0
9143;12
9144;6
9145;6
9146;8
9147;8
9148;10
9149;4
9150;2
9151;0
9152;2
9153;11
9154;9
9155;5
9156;5
9157;1
9158;6
9159;3
9160;1
9161;2
9162;11
9163;4
9164;10
9165;10
9166;3
9167;7
9168;10
9169;11
9170;7
9171;0
9172;10
9173;2
9174;0
9175;1
9176;1
9177;0
9178;1
9179;8
9180;10
9181;1
9182;0
9183;5
9184;10
9185;4
9186;1
9187;10
9188;6
9189;8
9190;2
9191;0
9192;10
9193;6
9194;6
9195;12
9196;11
9197;2
9198;2
9199;11
9200;3
9201;8
9202;5
9203;6
9204;0
9205;10
9206;7
9207;10
9208;2
9209;6
9210;1
9211;8
9212;6
9213;8
9214;10
9215;6
9216;5
9217;5
9218;12
9219;6
9220;10
9221;12
9222;12
9223;4
9224;9
9225;3
9226;3
9227;12
9228;2
9229;9
9230;1
9231;6
9232;1
9233;4
9234;5
9235;10
9236;11
9237;2
9238;9
9239;7
9240;3
9241;3
9242;10
9243;4
9244;10
9245;0
9246;1
9247;10
9248;0
9249;1
9250;5
9251;8
9252;10
9253;1
9254;8
9255;5
9256;12
9257;11
9258;8
9259;10
9260;1
9261;12
9262;0
9263;2
9264;3
9265;7
9266;10
9267;10
9268;7
9269;6
9270;6
9271;4
9272;0
9273;11
9274;8
9275;4
9276;7
9277;8
9278;12
9279;2
9280;4
9281;11
9282;0
9283;6
9284;9
9285;5
9286;10
9287;1
9288;1
9289;4
9290;4
9291;3
9292;10
9293;12
9294;9
9295;6
9296;7
9297;10
9298;3
9299;9
9300;10
9301;10
9302;9
9303;0
9304;12
9305;1
9306;1
9307;6
9308;8
9309;9
9310;6
9311;6
9312;0
9313;8
9314;5
9315;7
9316;10
9317;2
9318;10
9319;4
9320;4
9321;4
9322;3
9323;11
9324;10
9325;11
9326;8
9327;4
9328;9
9329;8
9330;4
9331;8
9332;7
9333;0
9334;9
9335;2
9336;6
9337;1
9338;5
9339;7
9340;1
9341;12
9342;3
9343;5
9344;2
9345;8
9346;2
9347;0
9348;11
9349;6
9350;9
9351;5
9352;9
9353;10
9354;12
9355;0
9356;8
9357;3
9358;8
9359;0
9360;8
9361;0
9362;0
9363;8
9364;11
9365;5
9366;0
9367;8
9368;7
9369;7
9370;3
9371;9
9372;7
9373;2
9374;3
9375;0
9376;6
9377;5
9378;12
9379;5
9380;2
9381;4
9382;11
9383;3
9384;7
9385;12
9386;6
9387;3
9388;12
9389;12
9390;7
9391;0
9392;11
9393;0
9394;5
9395;5
9396;0
9397;3
9398;2
9399;9
9400;11
9401;9
9402;10
9403;9
9404;12
9405;0
9406;4
9407;2
9408;9
9409;3
9410;3
9411;4
9412;8
9413;6
9414;0
9415;1
9416;4
9417;7
9418;1
9419;0
9420;6
9421;3
9422;9
9423;3
9424;8
9425;6
9426;11
9427;6
9428;8
9429;3
9430;11
9431;8
9432;11
9433;1
9434;0
9435;12
9436;2
9437;6
9438;0
9439;11
9440;5
9441;1
9442;2
9443;2
9444;5
9445;0
9446;12
9447;12
9448;9
9449;7
9450;7
9451;2
9452;2
9453;6
9454;4
9455;3
9456;7
9457;9
9458;11
9459;9
9460;3
9461;1
9462;11
9463;4
9464;11
9465;1
9466;2
9467;7
9468;6
9469;11
9470;2
9471;1
9472;4
9473;5
9474;6
9475;7
9476;0
9477;7
9478;6
9479;10
9480;9
9481;3
9482;4
9483;11
9484;5
9485;7
9486;5
9487;2
9488;3
9489;10
9490;0
9491;0
9492;9
9493;12
9494;11
9495;12
9496;5
9497;9
9498;11
9499;4
9500;9
9501;5
9502;11
9503;3
9504;1
9505;12
9506;5
9507;7
9508;2
9509;5
9510;9
9511;12
9512;3
9513;6
9514;10
9515;9
9516;10
9517;0
9518;11
9519;1
9520;4
9521;4
9522;7
9523;12
9524;10
9525;12
9526;8
9527;5
9528;6
9529;8
9530;3
9531;4
9532;1
9533;11
9534;11
9535;3
9536;12
9537;4
9538;9
9539;11
9540;5
9541;6
9542;8
9543;11
9544;0
9545;6
9546;3
9547;4
9548;0
9549;1
9550;2
9551;11
9552;0
9553;8
9554;8
9555;1
9556;3
9557;10
9558;0
9559;2
9560;10
9561;10
9562;9
9563;2
9564;9
9565;6
9566;8
9567;10
9568;8
9569;3
9570;11
9571;2
9572;8
9573;0
9574;10
9575;10
9576;4
9577;6
9578;7
9579;1
9580;1
9581;0
9582;8
9583;4
9584;10
9585;1
9586;9
9587;11
9588;1
9589;2
9590;6
9591;8
9592;2
9593;5
9594;2
9595;2
9596;10
9597;8
9598;5
9599;2
9600;4
9601;9
9602;7
9603;4
9604;9
9605;4
9606;4
9607;2
9608;9
9609;2
9610;4
9611;10
9612;11
9613;1
9614;5
9615;8
9616;0
9617;6
9618;3
9619;7
9620;1
9621;11
9622;5
9623;3
9624;5
9625;0
9626;4
9627;5
9628;10
9629;10
9630;2
9631;12
9632;6
9633;4
9634;6
9635;1
9636;11
9637;6
9638;10
9639;12
9640;11
9641;0
9642;7
9643;1
9644;7
9645;1
9646;5
9647;8
9648;0
9649;4
9650;3
9651;8
9652;12
9653;2
9654;7
9655;0
9656;4
9657;7
9658;8
9659;12
9660;11
9661;3
9662;11
9663;7
9664;11
9665;9
9666;9
9667;1
9668;6
9669;9
9670;10
9671;7
9672;9
9673;11
9674;12
9675;9
9676;5
9677;7
9678;1
9679;9
9680;0
9681;12
9682;10
9683;4
9684;4
9685;10
9686;9
9687;10
9688;4
9689;10
9690;4
9691;11
9692;6
9693;8
9694;3
9695;5
9696;2
9697;10
9698;7
9699;6
9700;9
9701;5
9702;4
9703;0
9704;7
9705;10
9706;8
9707;9
9708;0
9709;9
9710;2
9711;11
9712;6
9713;12
9714;1
9715;10
9716;0
9717;10
9718;2
9719;12
